gene_id,display_name,frozen_grade,context,role,n_early,n_late,effect_scale,measured,effect,reference_effect,same_direction,bootstrap_same_direction_frequency,effect_bootstrap_p025,effect_bootstrap_p975
Solyc08g005770,AAT,A,GSE267238,external_used_in_frozen_grade,3,3,log2cpm,True,3.3671073328306154,0.8120465959821429,True,1.0,2.9330348805486826,3.913291242121672
Solyc01g006540,loxC,A,GSE267238,external_used_in_frozen_grade,3,3,log2cpm,True,4.841703659024453,0.47509765625,True,1.0,4.270496122018467,5.525172668200189
Solyc06g051800,EXP1,A,GSE267238,external_used_in_frozen_grade,3,3,log2cpm,True,3.0751962921685587,0.5537225632440477,True,1.0,2.7161360084638018,3.4880936597836456
Solyc10g006880,NOR,A,GSE267238,external_used_in_frozen_grade,3,3,log2cpm,True,1.261881103114943,0.418398902529762,True,1.0,0.9385649347123417,1.678258972309131
Solyc02g088270,Solyc02g088270,A,GSE267238,external_used_in_frozen_grade,3,3,log2cpm,True,3.1420014542034775,0.543829055059524,True,1.0,2.7846198240261115,3.3621274338485385
Solyc03g116510,Solyc03g116510,A,GSE267238,external_used_in_frozen_grade,3,3,log2cpm,True,1.3842013908794848,0.45127650669642855,True,1.0,0.6805568619759162,1.9468940587675694
Solyc10g083400,Solyc10g083400,A,GSE267238,external_used_in_frozen_grade,3,3,log2cpm,True,3.8292770217515835,0.5841820126488095,True,1.0,3.161192751563485,4.521824270150164
Solyc08g014130,IPMS2,A,GSE267238,external_used_in_frozen_grade,3,3,log2cpm,True,1.1127006985300758,0.478701636904762,True,1.0,0.7563772200691821,1.4487207397857294
Solyc01g108490,Solyc01g108490,A,GSE267238,external_used_in_frozen_grade,3,3,log2cpm,True,-5.26453947622009,-0.7807965959821428,True,1.0,-5.631145239673543,-4.837153272212702
Solyc10g084600,Solyc10g084600,A,GSE267238,external_used_in_frozen_grade,3,3,log2cpm,True,3.47519746249349,0.6166178385416667,True,1.0,3.0822897248696677,3.839407464563532
Solyc02g070890,Solyc02g070890,A,GSE267238,external_used_in_frozen_grade,3,3,log2cpm,True,3.238227411954153,0.5818684895833335,True,1.0,3.0554448498470372,3.421009974061269
Solyc09g092430,Solyc09g092430,A,GSE267238,external_used_in_frozen_grade,3,3,log2cpm,True,-3.5115496109111044,-0.418701171875,True,1.0,-3.838030932244726,-3.18506828957748
Solyc08g080630,ER1,A,GSE267238,external_used_in_frozen_grade,3,3,log2cpm,True,2.324372233182018,0.47013346354166663,True,1.0,1.5586429051842465,3.009287202479967
Solyc01g104850,Solyc01g104850,A,GSE267238,external_used_in_frozen_grade,3,3,log2cpm,True,-2.829183832950114,-0.5013718377976191,True,1.0,-3.2086913064513425,-2.4020241655632217
Solyc07g063600,Solyc07g063600,A,GSE267238,external_used_in_frozen_grade,3,3,log2cpm,True,-2.5943773328114137,-0.4616582961309524,True,1.0,-3.1317271790780308,-2.0936933036965697
Solyc03g118060,Solyc03g118060,A,GSE267238,external_used_in_frozen_grade,3,3,log2cpm,True,2.724266878690722,0.4217471168154762,True,1.0,2.1516199184483082,3.234514446855037
Solyc10g079050,Solyc10g079050,A,GSE267238,external_used_in_frozen_grade,3,3,log2cpm,True,2.404651226399554,0.5567452566964286,True,1.0,2.105680660589973,2.6884785892090988
Solyc07g042390,Solyc07g042390,A,GSE267238,external_used_in_frozen_grade,3,3,log2cpm,True,-1.8841236746458279,-0.5619187127976191,True,1.0,-1.992176351015452,-1.717665977663812
Solyc01g095080,ACS2,B,GSE267238,external_used_in_frozen_grade,3,3,log2cpm,True,5.506721048269272,0.6965680803571429,True,1.0,3.4690678745076307,6.9224925073852654
Solyc08g005610,CYP707A2,B,GSE267238,external_used_in_frozen_grade,3,3,log2cpm,True,2.0811869260141345,0.4896647135416666,True,1.0,1.5976126824258063,2.595997207390211
Solyc12g017530,Solyc12g017530,B,GSE267238,external_used_in_frozen_grade,3,3,log2cpm,True,1.6975784565383911,0.4520786830357142,True,1.0,1.3467797593706279,1.9436468550141606
Solyc07g054750,Solyc07g054750,B,GSE267238,external_used_in_frozen_grade,3,3,log2cpm,True,0.1452338882793432,0.6946265811011906,True,1.0,0.09411825708972747,0.19549840416410427
Solyc02g083380,Solyc02g083380,B,GSE267238,external_used_in_frozen_grade,3,3,log2cpm,True,1.788834904819736,0.4128882998511906,True,1.0,1.562913378523536,2.014756431115936
Solyc06g068900,Solyc06g068900,B,GSE267238,external_used_in_frozen_grade,3,3,log2cpm,True,1.1243735219766906,0.5066615513392856,True,1.0,0.823412270573663,1.4071618230296563
Solyc03g114360,Solyc03g114360,B,GSE267238,external_used_in_frozen_grade,3,3,log2cpm,True,1.1581547808051633,0.4378255208333335,True,1.0,0.895164919653164,1.4944017296991445
Solyc08g078870,Solyc08g078870,B,GSE267238,external_used_in_frozen_grade,3,3,log2cpm,True,0.2541835736747142,0.4613676525297618,True,0.6707818930041153,-0.9942368023197075,1.2794825209399106
Solyc06g072650,Solyc06g072650,B,GSE267238,external_used_in_frozen_grade,3,3,log2cpm,True,0.5712677283775006,0.5408296130952381,True,1.0,0.3353235800899164,1.0238033937361979
Solyc12g096570,ARGOS,B,GSE267238,external_used_in_frozen_grade,3,3,log2cpm,True,1.8226706589688937,0.5442475818452381,True,1.0,1.3684641046308577,2.276877213306929
Solyc03g082560,Solyc03g082560,B,GSE267238,external_used_in_frozen_grade,3,3,log2cpm,True,-1.9670136452543523,-0.41287667410714274,True,1.0,-2.5013553442903773,-1.5059206021879623
Solyc01g066740,Solyc01g066740,B,GSE267238,external_used_in_frozen_grade,3,3,log2cpm,True,-2.7956482645115805,-0.42368861607142866,True,1.0,-3.3568846476246845,-2.2344118813984757
Solyc04g080250,Solyc04g080250,B,GSE267238,external_used_in_frozen_grade,3,3,log2cpm,True,3.693957890889605,0.5977957589285716,True,1.0,3.025771380238715,4.296906797102259
Solyc04g064870,Solyc04g064870,B,GSE267238,external_used_in_frozen_grade,3,3,log2cpm,True,0.9441675028333307,0.46723865327380965,True,0.9890260631001372,0.14852414695673266,1.7230526564284612
Solyc02g084600,Solyc02g084600,B,GSE267238,external_used_in_frozen_grade,3,3,log2cpm,True,-2.0416862467786085,-0.47564406622023814,True,1.0,-2.2764983322965717,-1.8068741612606454
Solyc06g053950,Solyc06g053950,C,GSE267238,external_used_in_frozen_grade,3,3,log2cpm,False,,,,,,
Solyc04g080540,Solyc04g080540,C,GSE267238,external_used_in_frozen_grade,3,3,log2cpm,True,-0.4024523327349012,0.41784086681547616,False,0.06035665294924554,-0.8490043602919037,0.04996335151114639
Solyc08g005770,AAT,A,GSE128739,external_used_in_frozen_grade,3,3,log2cpm,True,6.9468963341499785,0.8120465959821429,True,1.0,5.844782821460662,8.95037343972994
Solyc01g006540,loxC,A,GSE128739,external_used_in_frozen_grade,3,3,log2cpm,True,7.177959685272603,0.47509765625,True,1.0,6.096874257636207,8.241405808102193
Solyc06g051800,EXP1,A,GSE128739,external_used_in_frozen_grade,3,3,log2cpm,True,4.793132963492278,0.5537225632440477,True,1.0,3.3356466800237756,6.250619246960781
Solyc10g006880,NOR,A,GSE128739,external_used_in_frozen_grade,3,3,log2cpm,True,4.981020308051665,0.418398902529762,True,1.0,4.291506976876356,5.781664233008028
Solyc02g088270,Solyc02g088270,A,GSE128739,external_used_in_frozen_grade,3,3,log2cpm,True,6.101444122605265,0.543829055059524,True,1.0,4.818622164448486,7.658678127660476
Solyc03g116510,Solyc03g116510,A,GSE128739,external_used_in_frozen_grade,3,3,log2cpm,True,2.9349518216143977,0.45127650669642855,True,1.0,2.1747010319450344,3.6952026112837615
Solyc10g083400,Solyc10g083400,A,GSE128739,external_used_in_frozen_grade,3,3,log2cpm,True,6.2144230688561315,0.5841820126488095,True,1.0,6.044493179725988,6.404569740774213
Solyc08g014130,IPMS2,A,GSE128739,external_used_in_frozen_grade,3,3,log2cpm,True,5.400903007200999,0.478701636904762,True,1.0,4.954685342689119,5.765501450177182
Solyc01g108490,Solyc01g108490,A,GSE128739,external_used_in_frozen_grade,3,3,log2cpm,True,-3.9403610105257183,-0.7807965959821428,True,1.0,-4.767708612424897,-3.113013408626539
Solyc10g084600,Solyc10g084600,A,GSE128739,external_used_in_frozen_grade,3,3,log2cpm,True,5.965043851604818,0.6166178385416667,True,1.0,5.567746335483899,6.454935645206991
Solyc02g070890,Solyc02g070890,A,GSE128739,external_used_in_frozen_grade,3,3,log2cpm,True,4.628646163307263,0.5818684895833335,True,1.0,4.367325534788172,4.898151001396752
Solyc09g092430,Solyc09g092430,A,GSE128739,external_used_in_frozen_grade,3,3,log2cpm,True,-4.241208196723032,-0.418701171875,True,1.0,-5.526915510562066,-3.257826002306131
Solyc08g080630,ER1,A,GSE128739,external_used_in_frozen_grade,3,3,log2cpm,True,5.007281984564685,0.47013346354166663,True,1.0,3.862681810331061,6.252648950191103
Solyc01g104850,Solyc01g104850,A,GSE128739,external_used_in_frozen_grade,3,3,log2cpm,True,-4.4853599187648925,-0.5013718377976191,True,1.0,-6.025330523858755,-3.5151782790938895
Solyc07g063600,Solyc07g063600,A,GSE128739,external_used_in_frozen_grade,3,3,log2cpm,True,-3.2681728408509914,-0.4616582961309524,True,0.9986282578875172,-5.1610597916609695,-1.3752858900410145
Solyc03g118060,Solyc03g118060,A,GSE128739,external_used_in_frozen_grade,3,3,log2cpm,True,4.94912342257901,0.4217471168154762,True,1.0,2.7208811310660783,7.787338647147347
Solyc10g079050,Solyc10g079050,A,GSE128739,external_used_in_frozen_grade,3,3,log2cpm,True,4.613756163750938,0.5567452566964286,True,1.0,4.1926418128042195,5.070504272390069
Solyc07g042390,Solyc07g042390,A,GSE128739,external_used_in_frozen_grade,3,3,log2cpm,True,-3.8107142208977143,-0.5619187127976191,True,1.0,-5.179120081321634,-2.562777190237548
Solyc01g095080,ACS2,B,GSE128739,external_used_in_frozen_grade,3,3,log2cpm,True,7.7747675747508005,0.6965680803571429,True,1.0,5.7279562227936,9.566033652002854
Solyc08g005610,CYP707A2,B,GSE128739,external_used_in_frozen_grade,3,3,log2cpm,True,4.65911337517404,0.4896647135416666,True,1.0,2.801758569833863,7.225001049336482
Solyc12g017530,Solyc12g017530,B,GSE128739,external_used_in_frozen_grade,3,3,log2cpm,True,4.064215592634017,0.4520786830357142,True,1.0,3.71335323379978,4.382850016109974
Solyc07g054750,Solyc07g054750,B,GSE128739,external_used_in_frozen_grade,3,3,log2cpm,True,1.054496615859268,0.6946265811011906,True,1.0,0.10228004954197241,2.865846914665135
Solyc02g083380,Solyc02g083380,B,GSE128739,external_used_in_frozen_grade,3,3,log2cpm,True,4.843688874693506,0.4128882998511906,True,1.0,4.512407504468097,5.174970244918914
Solyc06g068900,Solyc06g068900,B,GSE128739,external_used_in_frozen_grade,3,3,log2cpm,True,4.283580665575354,0.5066615513392856,True,1.0,3.2020427119787715,5.90814263890339
Solyc03g114360,Solyc03g114360,B,GSE128739,external_used_in_frozen_grade,3,3,log2cpm,True,2.2646897420019663,0.4378255208333335,True,1.0,1.0930258553098184,4.236641872984934
Solyc08g078870,Solyc08g078870,B,GSE128739,external_used_in_frozen_grade,3,3,log2cpm,True,3.1407798346919247,0.4613676525297618,True,1.0,2.2432773925011418,3.9401712186124738
Solyc06g072650,Solyc06g072650,B,GSE128739,external_used_in_frozen_grade,3,3,log2cpm,True,1.451380168759764,0.5408296130952381,True,1.0,1.0426286570686432,1.8642816969219265
Solyc12g096570,ARGOS,B,GSE128739,external_used_in_frozen_grade,3,3,log2cpm,True,4.403925012531791,0.5442475818452381,True,1.0,4.151100674284029,4.6990779141770345
Solyc03g082560,Solyc03g082560,B,GSE128739,external_used_in_frozen_grade,3,3,log2cpm,True,-2.3792111272960694,-0.41287667410714274,True,1.0,-2.6861523834301404,-1.9864324782028793
Solyc01g066740,Solyc01g066740,B,GSE128739,external_used_in_frozen_grade,3,3,log2cpm,True,-2.6267127720856442,-0.42368861607142866,True,1.0,-3.1512084440469117,-2.1022171001243763
Solyc04g080250,Solyc04g080250,B,GSE128739,external_used_in_frozen_grade,3,3,log2cpm,True,5.011926076978184,0.5977957589285716,True,1.0,4.1674303116669735,5.856421842289391
Solyc04g064870,Solyc04g064870,B,GSE128739,external_used_in_frozen_grade,3,3,log2cpm,True,2.1082680526097577,0.46723865327380965,True,1.0,1.0681456465932637,3.385477025636499
Solyc02g084600,Solyc02g084600,B,GSE128739,external_used_in_frozen_grade,3,3,log2cpm,True,-3.938621726551637,-0.47564406622023814,True,1.0,-4.475359289069846,-3.391539210524173
Solyc06g053950,Solyc06g053950,C,GSE128739,external_used_in_frozen_grade,3,3,log2cpm,True,2.3572351757499796,0.4723772321428572,True,1.0,1.97324952571411,2.75018485225994
Solyc04g080540,Solyc04g080540,C,GSE128739,external_used_in_frozen_grade,3,3,log2cpm,True,2.5157406840677057,0.41784086681547616,True,1.0,0.8131675076110882,4.80810055126027
Solyc08g005770,AAT,A,GSE235023,external_not_used_in_grade,2,2,log2cpm,True,12.16932816117768,0.8120465959821429,True,1.0,12.075868615878765,12.262787706476594
Solyc01g006540,loxC,A,GSE235023,external_not_used_in_grade,2,2,log2cpm,True,10.229447929498114,0.47509765625,True,1.0,9.138856195537729,11.320039663458498
Solyc06g051800,EXP1,A,GSE235023,external_not_used_in_grade,2,2,log2cpm,True,6.3084787449835655,0.5537225632440477,True,1.0,5.8454508098361515,6.77150668013098
Solyc10g006880,NOR,A,GSE235023,external_not_used_in_grade,2,2,log2cpm,True,8.636625899783162,0.418398902529762,True,1.0,8.485687895349267,8.787563904217059
Solyc02g088270,Solyc02g088270,A,GSE235023,external_not_used_in_grade,2,2,log2cpm,True,9.00629011205428,0.543829055059524,True,1.0,8.880289651338003,9.132290572770556
Solyc03g116510,Solyc03g116510,A,GSE235023,external_not_used_in_grade,2,2,log2cpm,True,0.5471128776058913,0.45127650669642855,True,0.8125,-0.10455071527888943,1.198776470490672
Solyc10g083400,Solyc10g083400,A,GSE235023,external_not_used_in_grade,2,2,log2cpm,True,6.054003413594369,0.5841820126488095,True,1.0,5.832391472683618,6.2756153545051205
Solyc08g014130,IPMS2,A,GSE235023,external_not_used_in_grade,2,2,log2cpm,True,6.896135497989198,0.478701636904762,True,1.0,6.616918341507091,7.175352654471305
Solyc01g108490,Solyc01g108490,A,GSE235023,external_not_used_in_grade,2,2,log2cpm,True,-5.543216507318264,-0.7807965959821428,True,1.0,-5.996574515796663,-5.089858498839865
Solyc10g084600,Solyc10g084600,A,GSE235023,external_not_used_in_grade,2,2,log2cpm,True,4.227250244669211,0.6166178385416667,True,1.0,3.877002034455798,4.577498454882624
Solyc02g070890,Solyc02g070890,A,GSE235023,external_not_used_in_grade,2,2,log2cpm,True,4.0823134334972,0.5818684895833335,True,1.0,3.725279154989495,4.439347712004906
Solyc09g092430,Solyc09g092430,A,GSE235023,external_not_used_in_grade,2,2,log2cpm,True,-4.3890501708262715,-0.418701171875,True,1.0,-4.45641160540385,-4.321688736248693
Solyc08g080630,ER1,A,GSE235023,external_not_used_in_grade,2,2,log2cpm,True,6.51432456883115,0.47013346354166663,True,1.0,6.2166471237328675,6.812002013929434
Solyc01g104850,Solyc01g104850,A,GSE235023,external_not_used_in_grade,2,2,log2cpm,True,-1.2780307708737693,-0.5013718377976191,True,1.0,-1.7421722997586402,-0.8138892419888984
Solyc07g063600,Solyc07g063600,A,GSE235023,external_not_used_in_grade,2,2,log2cpm,True,-5.417140883992842,-0.4616582961309524,True,1.0,-6.1118639133549335,-4.722417854630751
Solyc03g118060,Solyc03g118060,A,GSE235023,external_not_used_in_grade,2,2,log2cpm,True,5.0828518082692336,0.4217471168154762,True,1.0,4.910726944373061,5.254976672165406
Solyc10g079050,Solyc10g079050,A,GSE235023,external_not_used_in_grade,2,2,log2cpm,True,4.266464959253838,0.5567452566964286,True,1.0,3.7778232795863262,4.755106638921349
Solyc07g042390,Solyc07g042390,A,GSE235023,external_not_used_in_grade,2,2,log2cpm,True,-4.599707834100588,-0.5619187127976191,True,1.0,-4.709255162548249,-4.490160505652928
Solyc01g095080,ACS2,B,GSE235023,external_not_used_in_grade,2,2,log2cpm,True,8.916085990731844,0.6965680803571429,True,1.0,8.485242159463102,9.346929822000584
Solyc08g005610,CYP707A2,B,GSE235023,external_not_used_in_grade,2,2,log2cpm,True,0.07644216709178142,0.4896647135416666,True,0.625,-1.2431285394488163,1.3960128736323785
Solyc12g017530,Solyc12g017530,B,GSE235023,external_not_used_in_grade,2,2,log2cpm,True,3.2684616415284142,0.4520786830357142,True,1.0,2.3125628501687006,4.224360432888128
Solyc07g054750,Solyc07g054750,B,GSE235023,external_not_used_in_grade,2,2,log2cpm,True,-0.7873702943578818,0.6946265811011906,False,0.0,-0.8972312682327,-0.6775093204830634
Solyc02g083380,Solyc02g083380,B,GSE235023,external_not_used_in_grade,2,2,log2cpm,True,3.713965600101416,0.4128882998511906,True,1.0,3.3195756993865877,4.108355500816244
Solyc06g068900,Solyc06g068900,B,GSE235023,external_not_used_in_grade,2,2,log2cpm,True,6.905442364902088,0.5066615513392856,True,1.0,6.705909516370727,7.104975213433451
Solyc03g114360,Solyc03g114360,B,GSE235023,external_not_used_in_grade,2,2,log2cpm,True,0.09549258236755609,0.4378255208333335,True,0.75,-0.08191430075048434,0.2728994654855965
Solyc08g078870,Solyc08g078870,B,GSE235023,external_not_used_in_grade,2,2,log2cpm,True,0.1292197057949171,0.4613676525297618,True,1.0,0.12173128630422733,0.13670812528560689
Solyc06g072650,Solyc06g072650,B,GSE235023,external_not_used_in_grade,2,2,log2cpm,True,1.025989494741176,0.5408296130952381,True,1.0,1.0235335300683868,1.0284454594139654
Solyc12g096570,ARGOS,B,GSE235023,external_not_used_in_grade,2,2,log2cpm,True,5.129379439893732,0.5442475818452381,True,1.0,5.0808341789252935,5.177924700862171
Solyc03g082560,Solyc03g082560,B,GSE235023,external_not_used_in_grade,2,2,log2cpm,True,-2.468239858223124,-0.41287667410714274,True,1.0,-2.759939768853319,-2.1765399475929295
Solyc01g066740,Solyc01g066740,B,GSE235023,external_not_used_in_grade,2,2,log2cpm,True,-4.515675375582107,-0.42368861607142866,True,1.0,-4.707480719206411,-4.323870031957803
Solyc04g080250,Solyc04g080250,B,GSE235023,external_not_used_in_grade,2,2,log2cpm,True,5.16676274403666,0.5977957589285716,True,1.0,5.036226224220075,5.297299263853245
Solyc04g064870,Solyc04g064870,B,GSE235023,external_not_used_in_grade,2,2,log2cpm,True,2.215152806170036,0.46723865327380965,True,1.0,1.9400178952593434,2.490287717080728
Solyc02g084600,Solyc02g084600,B,GSE235023,external_not_used_in_grade,2,2,log2cpm,True,-4.132855565064604,-0.47564406622023814,True,1.0,-4.234559235613075,-4.0311518945161335
Solyc06g053950,Solyc06g053950,C,GSE235023,external_not_used_in_grade,2,2,log2cpm,True,4.344332777233875,0.4723772321428572,True,1.0,4.016287903916909,4.672377650550841
Solyc04g080540,Solyc04g080540,C,GSE235023,external_not_used_in_grade,2,2,log2cpm,True,3.057508768193613,0.41784086681547616,True,1.0,2.984803231585803,3.1302143048014233
Solyc08g005770,AAT,A,GSE78733,external_not_used_in_grade,2,3,rank01,True,0.0014950770653209267,0.8120465959821429,True,1.0,0.0008803249825409809,0.0021338044793294403
Solyc01g006540,loxC,A,GSE78733,external_not_used_in_grade,2,3,rank01,True,-0.006752436877256129,0.47509765625,False,0.0,-0.009333412021599912,-0.0038272005665555353
Solyc06g051800,EXP1,A,GSE78733,external_not_used_in_grade,2,3,rank01,True,0.0027368762725369367,0.5537225632440477,True,0.6203703703703703,-0.03222284517099938,0.03769659771607303
Solyc10g006880,NOR,A,GSE78733,external_not_used_in_grade,2,3,rank01,True,-0.0008065547326072675,0.418398902529762,False,0.0,-0.0011458978823018662,-0.000467211582912741
Solyc02g088270,Solyc02g088270,A,GSE78733,external_not_used_in_grade,2,3,rank01,True,0.004959819803869614,0.543829055059524,True,1.0,0.0044360510293407485,0.005483588578398146
Solyc03g116510,Solyc03g116510,A,GSE78733,external_not_used_in_grade,2,3,rank01,True,0.16872977465647665,0.45127650669642855,True,1.0,0.1363274218773054,0.2011321274356479
Solyc10g083400,Solyc10g083400,A,GSE78733,external_not_used_in_grade,2,3,rank01,True,0.1508183579725968,0.5841820126488095,True,1.0,0.1369470919767476,0.16468962396844603
Solyc08g014130,IPMS2,A,GSE78733,external_not_used_in_grade,2,3,rank01,True,0.009317182566614512,0.478701636904762,True,1.0,0.004799984262346735,0.013834380870882512
Solyc01g108490,Solyc01g108490,A,GSE78733,external_not_used_in_grade,2,3,rank01,True,-0.1519716328798922,-0.7807965959821428,True,1.0,-0.22959760787669545,-0.07434565788308889
Solyc10g084600,Solyc10g084600,A,GSE78733,external_not_used_in_grade,2,3,rank01,True,0.21996567224369756,0.6166178385416667,True,1.0,0.19807312107173414,0.24185822341566088
Solyc02g070890,Solyc02g070890,A,GSE78733,external_not_used_in_grade,2,3,rank01,True,0.08136120865177487,0.5818684895833335,True,1.0,0.04082445631325815,0.12189796099029171
Solyc09g092430,Solyc09g092430,A,GSE78733,external_not_used_in_grade,2,3,rank01,True,-0.08327431713338646,-0.418701171875,True,1.0,-0.13167897400336395,-0.0359605378343022
Solyc08g080630,ER1,A,GSE78733,external_not_used_in_grade,2,3,rank01,True,0.35319474362379133,0.47013346354166663,True,1.0,0.28201382946285414,0.42437565778472863
Solyc01g104850,Solyc01g104850,A,GSE78733,external_not_used_in_grade,2,3,rank01,True,-0.37201845239851666,-0.5013718377976191,True,1.0,-0.4487949629673345,-0.2557669892885596
Solyc07g063600,Solyc07g063600,A,GSE78733,external_not_used_in_grade,2,3,rank01,True,0.00538768725348443,-0.4616582961309524,False,0.4351851851851852,-0.13573234186117422,0.14650771636814314
Solyc03g118060,Solyc03g118060,A,GSE78733,external_not_used_in_grade,2,3,rank01,True,0.13675283031858898,0.4217471168154762,True,1.0,0.11007013091760354,0.16343552971957465
Solyc10g079050,Solyc10g079050,A,GSE78733,external_not_used_in_grade,2,3,rank01,True,0.30820226818928464,0.5567452566964286,True,1.0,0.2960744391001997,0.3203300972783696
Solyc07g042390,Solyc07g042390,A,GSE78733,external_not_used_in_grade,2,3,rank01,True,-0.15837243156579817,-0.5619187127976191,True,1.0,-0.19333707102599662,-0.12340779210559971
Solyc01g095080,ACS2,B,GSE78733,external_not_used_in_grade,2,3,rank01,True,0.033828577611221045,0.6965680803571429,True,0.9351851851851852,-0.006118012727827193,0.07377516795026906
Solyc08g005610,CYP707A2,B,GSE78733,external_not_used_in_grade,2,3,rank01,True,0.028263841757895758,0.4896647135416666,True,1.0,0.011454060806358024,0.045073622709433714
Solyc12g017530,Solyc12g017530,B,GSE78733,external_not_used_in_grade,2,3,rank01,True,0.0016721256651617278,0.4520786830357142,True,0.9351851851851852,-0.00023114678312541326,0.003944864115199743
Solyc07g054750,Solyc07g054750,B,GSE78733,external_not_used_in_grade,2,3,rank01,True,0.34386526601552114,0.6946265811011906,True,1.0,0.2924105166868305,0.3953200153442119
Solyc02g083380,Solyc02g083380,B,GSE78733,external_not_used_in_grade,2,3,rank01,True,0.1258766364700442,0.4128882998511906,True,1.0,0.08740791013799964,0.16434536280208933
Solyc06g068900,Solyc06g068900,B,GSE78733,external_not_used_in_grade,2,3,rank01,True,0.05562522745827059,0.5066615513392856,True,1.0,0.038360529965475454,0.07288992495106572
Solyc03g114360,Solyc03g114360,B,GSE78733,external_not_used_in_grade,2,3,rank01,True,0.10312835039885138,0.4378255208333335,True,1.0,0.034258904069167206,0.17199779672853543
Solyc08g078870,Solyc08g078870,B,GSE78733,external_not_used_in_grade,2,3,rank01,True,0.6522273697463287,0.4613676525297618,True,1.0,0.6010554063757167,0.7033993331169406
Solyc06g072650,Solyc06g072650,B,GSE78733,external_not_used_in_grade,2,3,rank01,True,0.07513008154071632,0.5408296130952381,True,1.0,0.03917366254536871,0.1028554004740968
Solyc12g096570,ARGOS,B,GSE78733,external_not_used_in_grade,2,3,rank01,True,0.04650968357480789,0.5442475818452381,True,1.0,0.03320644850344745,0.059812918646168445
Solyc03g082560,Solyc03g082560,B,GSE78733,external_not_used_in_grade,2,3,rank01,True,-0.07501942616581586,-0.41287667410714274,True,1.0,-0.13886511847502142,-0.011173733856610302
Solyc01g066740,Solyc01g066740,B,GSE78733,external_not_used_in_grade,2,3,rank01,True,-0.008695053458841029,-0.42368861607142866,True,0.6388888888888888,-0.04524083527594991,0.02785072835826774
Solyc04g080250,Solyc04g080250,B,GSE78733,external_not_used_in_grade,2,3,rank01,True,0.14418149448690343,0.5977957589285716,True,1.0,0.11572560417834704,0.17136829059576855
Solyc04g064870,Solyc04g064870,B,GSE78733,external_not_used_in_grade,2,3,rank01,True,0.27602614417657656,0.46723865327380965,True,1.0,0.22724679591214458,0.32480549244100837
Solyc02g084600,Solyc02g084600,B,GSE78733,external_not_used_in_grade,2,3,rank01,True,-0.13941101832453015,-0.47564406622023814,True,0.9907407407407407,-0.2641958550955571,-0.014626181553503148
Solyc06g053950,Solyc06g053950,C,GSE78733,external_not_used_in_grade,2,3,rank01,False,,,,,,
Solyc04g080540,Solyc04g080540,C,GSE78733,external_not_used_in_grade,2,3,rank01,True,0.04160396195422289,0.41784086681547616,True,1.0,0.01768026990075422,0.06552765400769145
Solyc08g005770,AAT,A,GSE285925_No19,boundary_not_used_in_grade,3,3,log2cpm,False,,,,,,
Solyc01g006540,loxC,A,GSE285925_No19,boundary_not_used_in_grade,3,3,log2cpm,True,-0.5153393550369199,0.47509765625,False,0.0,-0.5394179626049151,-0.4881625256573547
Solyc06g051800,EXP1,A,GSE285925_No19,boundary_not_used_in_grade,3,3,log2cpm,True,-0.43942789644516544,0.5537225632440477,False,0.0,-0.4473887456494463,-0.4325853465125086
Solyc10g006880,NOR,A,GSE285925_No19,boundary_not_used_in_grade,3,3,log2cpm,True,-0.25242683143795297,0.418398902529762,False,0.0,-0.29896832098165016,-0.20588534189425367
Solyc02g088270,Solyc02g088270,A,GSE285925_No19,boundary_not_used_in_grade,3,3,log2cpm,True,-0.4432646793433612,0.543829055059524,False,0.0,-0.47353687672317335,-0.40976793217275365
Solyc03g116510,Solyc03g116510,A,GSE285925_No19,boundary_not_used_in_grade,3,3,log2cpm,True,0.1910336866168343,0.45127650669642855,True,0.9629629629629629,-0.08214195007163738,0.35082072210149934
Solyc10g083400,Solyc10g083400,A,GSE285925_No19,boundary_not_used_in_grade,3,3,log2cpm,True,0.2819324190294843,0.5841820126488095,True,1.0,0.21728024098874243,0.3500702867643479
Solyc08g014130,IPMS2,A,GSE285925_No19,boundary_not_used_in_grade,3,3,log2cpm,True,0.7146019657967546,0.478701636904762,True,1.0,0.6627751761948062,0.7558551582392489
Solyc01g108490,Solyc01g108490,A,GSE285925_No19,boundary_not_used_in_grade,3,3,log2cpm,False,,,,,,
Solyc10g084600,Solyc10g084600,A,GSE285925_No19,boundary_not_used_in_grade,3,3,log2cpm,True,-0.2926516705927815,0.6166178385416667,False,0.0013717421124828531,-0.498904159729978,-0.08639918145558667
Solyc02g070890,Solyc02g070890,A,GSE285925_No19,boundary_not_used_in_grade,3,3,log2cpm,False,,,,,,
Solyc09g092430,Solyc09g092430,A,GSE285925_No19,boundary_not_used_in_grade,3,3,log2cpm,True,-1.0423649617219402,-0.418701171875,True,1.0,-1.2606831806922623,-0.824786156059989
Solyc08g080630,ER1,A,GSE285925_No19,boundary_not_used_in_grade,3,3,log2cpm,True,3.032797134720866,0.47013346354166663,True,1.0,2.899034629408773,3.1530043020931773
Solyc01g104850,Solyc01g104850,A,GSE285925_No19,boundary_not_used_in_grade,3,3,log2cpm,True,0.3133915420095599,-0.5013718377976191,False,0.037037037037037035,-0.12729371790015298,0.622980234367018
Solyc07g063600,Solyc07g063600,A,GSE285925_No19,boundary_not_used_in_grade,3,3,log2cpm,True,-0.3768873662759719,-0.4616582961309524,True,1.0,-0.6009908369345861,-0.13499174219075843
Solyc03g118060,Solyc03g118060,A,GSE285925_No19,boundary_not_used_in_grade,3,3,log2cpm,True,-0.5791083703111983,0.4217471168154762,False,0.0,-0.7758322768503616,-0.4103367597236893
Solyc10g079050,Solyc10g079050,A,GSE285925_No19,boundary_not_used_in_grade,3,3,log2cpm,True,0.15581402202152006,0.5567452566964286,True,1.0,0.07974887998420357,0.23069399401954538
Solyc07g042390,Solyc07g042390,A,GSE285925_No19,boundary_not_used_in_grade,3,3,log2cpm,True,0.13433013019263873,-0.5619187127976191,False,0.14266117969821673,-0.12309766189558757,0.3917579222808648
Solyc01g095080,ACS2,B,GSE285925_No19,boundary_not_used_in_grade,3,3,log2cpm,True,0.0578935424863225,0.6965680803571429,True,0.9890260631001372,0.0037860950573307406,0.11435312943776355
Solyc08g005610,CYP707A2,B,GSE285925_No19,boundary_not_used_in_grade,3,3,log2cpm,True,-0.005678001920507825,0.4896647135416666,False,0.4663923182441701,-0.1275983897903492,0.11624238594933356
Solyc12g017530,Solyc12g017530,B,GSE285925_No19,boundary_not_used_in_grade,3,3,log2cpm,False,,,,,,
Solyc07g054750,Solyc07g054750,B,GSE285925_No19,boundary_not_used_in_grade,3,3,log2cpm,True,-0.41951558085662133,0.6946265811011906,False,0.0,-0.6119212595966517,-0.22710990211659088
Solyc02g083380,Solyc02g083380,B,GSE285925_No19,boundary_not_used_in_grade,3,3,log2cpm,True,0.5627501260680221,0.4128882998511906,True,1.0,0.502998297802927,0.6225019543331196
Solyc06g068900,Solyc06g068900,B,GSE285925_No19,boundary_not_used_in_grade,3,3,log2cpm,True,-0.54925164539927,0.5066615513392856,False,0.0,-0.6379954014177738,-0.48566730016088755
Solyc03g114360,Solyc03g114360,B,GSE285925_No19,boundary_not_used_in_grade,3,3,log2cpm,True,0.11537528800525854,0.4378255208333335,True,0.8436213991769548,-0.09377710563314912,0.3035973842699774
Solyc08g078870,Solyc08g078870,B,GSE285925_No19,boundary_not_used_in_grade,3,3,log2cpm,True,-0.27916742883280143,0.4613676525297618,False,0.03017832647462277,-0.5874198716585619,0.005660332997057926
Solyc06g072650,Solyc06g072650,B,GSE285925_No19,boundary_not_used_in_grade,3,3,log2cpm,False,,,,,,
Solyc12g096570,ARGOS,B,GSE285925_No19,boundary_not_used_in_grade,3,3,log2cpm,True,0.28215843662321216,0.5442475818452381,True,1.0,0.22754017799938087,0.3366453683069117
Solyc03g082560,Solyc03g082560,B,GSE285925_No19,boundary_not_used_in_grade,3,3,log2cpm,True,-0.993830106325897,-0.41287667410714274,True,1.0,-1.0869448938061748,-0.9007153188456192
Solyc01g066740,Solyc01g066740,B,GSE285925_No19,boundary_not_used_in_grade,3,3,log2cpm,True,-0.40150906133201314,-0.42368861607142866,True,1.0,-0.4801394535932591,-0.32479134717826064
Solyc04g080250,Solyc04g080250,B,GSE285925_No19,boundary_not_used_in_grade,3,3,log2cpm,True,-0.040129103253788934,0.5977957589285716,False,0.023319615912208505,-0.07833925304870153,-0.002401771152384491
Solyc04g064870,Solyc04g064870,B,GSE285925_No19,boundary_not_used_in_grade,3,3,log2cpm,True,0.1943595180395694,0.46723865327380965,True,0.9643347050754458,-0.013972860874412074,0.3274371911998679
Solyc02g084600,Solyc02g084600,B,GSE285925_No19,boundary_not_used_in_grade,3,3,log2cpm,True,0.22955694107017566,-0.47564406622023814,False,0.0,0.08474660121902144,0.374367280921329
Solyc06g053950,Solyc06g053950,C,GSE285925_No19,boundary_not_used_in_grade,3,3,log2cpm,True,-0.024304886601308695,0.4723772321428572,False,0.3347050754458162,-0.13254146623834284,0.08393169303572456
Solyc04g080540,Solyc04g080540,C,GSE285925_No19,boundary_not_used_in_grade,3,3,log2cpm,True,-1.2273780181427059,0.41784086681547616,False,0.0,-1.3404998181245613,-1.1288784511261847
Solyc08g005770,AAT,A,GSE285925_No20,boundary_not_used_in_grade,3,3,log2cpm,False,,,,,,
Solyc01g006540,loxC,A,GSE285925_No20,boundary_not_used_in_grade,3,3,log2cpm,True,0.4385574856882215,0.47509765625,True,1.0,0.3850816734486937,0.48284665039739316
Solyc06g051800,EXP1,A,GSE285925_No20,boundary_not_used_in_grade,3,3,log2cpm,True,-0.21403923631744526,0.5537225632440477,False,0.0,-0.2435055425128656,-0.18890874909975786
Solyc10g006880,NOR,A,GSE285925_No20,boundary_not_used_in_grade,3,3,log2cpm,True,-0.07560051565117476,0.418398902529762,False,0.0054869684499314125,-0.12130961263765094,-0.011097693301134746
Solyc02g088270,Solyc02g088270,A,GSE285925_No20,boundary_not_used_in_grade,3,3,log2cpm,True,-0.7217668593211624,0.543829055059524,False,0.0,-0.8009524784535547,-0.6721772866411548
Solyc03g116510,Solyc03g116510,A,GSE285925_No20,boundary_not_used_in_grade,3,3,log2cpm,True,-0.9568301239095622,0.45127650669642855,False,0.0,-1.0840357756785586,-0.7958735722072838
Solyc10g083400,Solyc10g083400,A,GSE285925_No20,boundary_not_used_in_grade,3,3,log2cpm,True,1.3135403389273215,0.5841820126488095,True,1.0,1.1471487976007122,1.4598729618851483
Solyc08g014130,IPMS2,A,GSE285925_No20,boundary_not_used_in_grade,3,3,log2cpm,True,-0.49536746148719857,0.478701636904762,False,0.0,-0.5411511966699422,-0.4376420067668185
Solyc01g108490,Solyc01g108490,A,GSE285925_No20,boundary_not_used_in_grade,3,3,log2cpm,False,,,,,,
Solyc10g084600,Solyc10g084600,A,GSE285925_No20,boundary_not_used_in_grade,3,3,log2cpm,True,-0.3721412698632891,0.6166178385416667,False,0.037037037037037035,-0.7004331113036587,0.13038639588930323
Solyc02g070890,Solyc02g070890,A,GSE285925_No20,boundary_not_used_in_grade,3,3,log2cpm,False,,,,,,
Solyc09g092430,Solyc09g092430,A,GSE285925_No20,boundary_not_used_in_grade,3,3,log2cpm,True,-1.9503319220160857,-0.418701171875,True,1.0,-2.166214847772687,-1.6789702172873204
Solyc08g080630,ER1,A,GSE285925_No20,boundary_not_used_in_grade,3,3,log2cpm,True,-0.18584379328949652,0.47013346354166663,False,0.0823045267489712,-0.39422444545938085,0.15651505770869506
Solyc01g104850,Solyc01g104850,A,GSE285925_No20,boundary_not_used_in_grade,3,3,log2cpm,True,-0.08405089435032842,-0.5013718377976191,True,0.7585733882030178,-0.2801783046814972,0.11406494799869993
Solyc07g063600,Solyc07g063600,A,GSE285925_No20,boundary_not_used_in_grade,3,3,log2cpm,True,-0.5247671727683453,-0.4616582961309524,True,1.0,-0.648314534807224,-0.4173787132255041
Solyc03g118060,Solyc03g118060,A,GSE285925_No20,boundary_not_used_in_grade,3,3,log2cpm,True,-0.21874381356563966,0.4217471168154762,False,0.0,-0.31909937723097725,-0.11755067376019301
Solyc10g079050,Solyc10g079050,A,GSE285925_No20,boundary_not_used_in_grade,3,3,log2cpm,True,-0.06936285603099357,0.5567452566964286,False,0.010973936899862825,-0.12757776576496216,-0.01114794629702498
Solyc07g042390,Solyc07g042390,A,GSE285925_No20,boundary_not_used_in_grade,3,3,log2cpm,True,-1.1665253949568097,-0.5619187127976191,True,1.0,-1.3232703579304863,-0.9659665165197983
Solyc01g095080,ACS2,B,GSE285925_No20,boundary_not_used_in_grade,3,3,log2cpm,True,0.45934392772601207,0.6965680803571429,True,1.0,0.3846041946085652,0.529627472936447
Solyc08g005610,CYP707A2,B,GSE285925_No20,boundary_not_used_in_grade,3,3,log2cpm,True,-2.2972162674291954,0.4896647135416666,False,0.0,-2.552780002417146,-2.0416525324412467
Solyc12g017530,Solyc12g017530,B,GSE285925_No20,boundary_not_used_in_grade,3,3,log2cpm,False,,,,,,
Solyc07g054750,Solyc07g054750,B,GSE285925_No20,boundary_not_used_in_grade,3,3,log2cpm,True,-0.5280438022891042,0.6946265811011906,False,0.0,-0.6225152499246113,-0.4385028052733847
Solyc02g083380,Solyc02g083380,B,GSE285925_No20,boundary_not_used_in_grade,3,3,log2cpm,True,0.33097351802105557,0.4128882998511906,True,1.0,0.18282062052784998,0.47373639315772637
Solyc06g068900,Solyc06g068900,B,GSE285925_No20,boundary_not_used_in_grade,3,3,log2cpm,True,-0.7760865807275392,0.5066615513392856,False,0.0,-0.8356422828972645,-0.7146244752532848
Solyc03g114360,Solyc03g114360,B,GSE285925_No20,boundary_not_used_in_grade,3,3,log2cpm,True,0.35979958463838635,0.4378255208333335,True,0.9862825788751715,0.0473662871560358,0.6761142677236749
Solyc08g078870,Solyc08g078870,B,GSE285925_No20,boundary_not_used_in_grade,3,3,log2cpm,True,-1.0174291578611183,0.4613676525297618,False,0.0,-1.199971873171671,-0.8348864425505653
Solyc06g072650,Solyc06g072650,B,GSE285925_No20,boundary_not_used_in_grade,3,3,log2cpm,False,,,,,,
Solyc12g096570,ARGOS,B,GSE285925_No20,boundary_not_used_in_grade,3,3,log2cpm,True,-1.130455325513343,0.5442475818452381,False,0.0,-1.3038217835492207,-0.9858827133164971
Solyc03g082560,Solyc03g082560,B,GSE285925_No20,boundary_not_used_in_grade,3,3,log2cpm,True,-0.9990640374661468,-0.41287667410714274,True,1.0,-1.186078842033677,-0.7871571851724207
Solyc01g066740,Solyc01g066740,B,GSE285925_No20,boundary_not_used_in_grade,3,3,log2cpm,True,0.3448322336142837,-0.42368861607142866,False,0.0,0.16866439908922767,0.5349612760118361
Solyc04g080250,Solyc04g080250,B,GSE285925_No20,boundary_not_used_in_grade,3,3,log2cpm,True,0.6814064545728868,0.5977957589285716,True,1.0,0.5114278743613072,0.9540435153656075
Solyc04g064870,Solyc04g064870,B,GSE285925_No20,boundary_not_used_in_grade,3,3,log2cpm,True,0.3707452153207451,0.46723865327380965,True,1.0,0.14681453210628526,0.561711517373654
Solyc02g084600,Solyc02g084600,B,GSE285925_No20,boundary_not_used_in_grade,3,3,log2cpm,True,0.3125641922309066,-0.47564406622023814,False,0.04801097393689986,-0.017837445828372323,0.6429658302901851
Solyc06g053950,Solyc06g053950,C,GSE285925_No20,boundary_not_used_in_grade,3,3,log2cpm,True,-0.018847304990340596,0.4723772321428572,False,0.34705075445816186,-0.12389542805529352,0.08628029461114295
Solyc04g080540,Solyc04g080540,C,GSE285925_No20,boundary_not_used_in_grade,3,3,log2cpm,True,-1.8792697059115477,0.41784086681547616,False,0.0,-2.022704523431816,-1.638644060023882
Solyc08g005770,AAT,A,GSE183836_healthy,development_reuse_sensitivity,3,3,log2cpm,True,-0.07613987805443934,0.8120465959821429,False,0.36488340192043894,-0.7293512053091475,0.6014132377665824
Solyc01g006540,loxC,A,GSE183836_healthy,development_reuse_sensitivity,3,3,log2cpm,True,0.17148998781150482,0.47509765625,True,0.5967078189300411,-0.9318472316890603,1.2818314508922972
Solyc06g051800,EXP1,A,GSE183836_healthy,development_reuse_sensitivity,3,3,log2cpm,True,0.535808425458157,0.5537225632440477,True,0.906721536351166,-0.24998116573271112,1.3215980166490269
Solyc10g006880,NOR,A,GSE183836_healthy,development_reuse_sensitivity,3,3,log2cpm,True,-0.5505965362613257,0.418398902529762,False,0.03429355281207133,-1.1625500290884787,0.027627293814948217
Solyc02g088270,Solyc02g088270,A,GSE183836_healthy,development_reuse_sensitivity,3,3,log2cpm,True,-0.8590874538536273,0.543829055059524,False,0.0,-1.3771681184259164,-0.36920460776931474
Solyc03g116510,Solyc03g116510,A,GSE183836_healthy,development_reuse_sensitivity,3,3,log2cpm,True,1.4372090848262218,0.45127650669642855,True,1.0,0.9685969287493981,1.905821240903045
Solyc10g083400,Solyc10g083400,A,GSE183836_healthy,development_reuse_sensitivity,3,3,log2cpm,True,2.6982070944406757,0.5841820126488095,True,1.0,2.1014221677833147,3.3943850683112475
Solyc08g014130,IPMS2,A,GSE183836_healthy,development_reuse_sensitivity,3,3,log2cpm,True,0.6502198337384613,0.478701636904762,True,1.0,0.26828074651236306,1.0589507659426474
Solyc01g108490,Solyc01g108490,A,GSE183836_healthy,development_reuse_sensitivity,3,3,log2cpm,True,-2.4578176572703527,-0.7807965959821428,True,1.0,-4.107092106162415,-0.8599774432180884
Solyc10g084600,Solyc10g084600,A,GSE183836_healthy,development_reuse_sensitivity,3,3,log2cpm,True,2.196626838023112,0.6166178385416667,True,1.0,1.6725693753851094,2.678107665708829
Solyc02g070890,Solyc02g070890,A,GSE183836_healthy,development_reuse_sensitivity,3,3,log2cpm,True,0.5439435074955705,0.5818684895833335,True,0.9766803840877915,0.019167256732514737,0.9976326854400055
Solyc09g092430,Solyc09g092430,A,GSE183836_healthy,development_reuse_sensitivity,3,3,log2cpm,True,-2.511678428598602,-0.418701171875,True,1.0,-3.8449976441016025,-1.2057112089083133
Solyc08g080630,ER1,A,GSE183836_healthy,development_reuse_sensitivity,3,3,log2cpm,True,3.875966727813516,0.47013346354166663,True,1.0,2.7576598922195954,4.916805509114866
Solyc01g104850,Solyc01g104850,A,GSE183836_healthy,development_reuse_sensitivity,3,3,log2cpm,True,-1.5540908339631943,-0.5013718377976191,True,1.0,-2.8009043520963783,-0.5440395024439535
Solyc07g063600,Solyc07g063600,A,GSE183836_healthy,development_reuse_sensitivity,3,3,log2cpm,True,-2.607944325582132,-0.4616582961309524,True,1.0,-3.0144921884138305,-2.1117191953819323
Solyc03g118060,Solyc03g118060,A,GSE183836_healthy,development_reuse_sensitivity,3,3,log2cpm,True,0.9165219627879484,0.4217471168154762,True,0.9725651577503429,-0.09131445739108024,1.9243583829669784
Solyc10g079050,Solyc10g079050,A,GSE183836_healthy,development_reuse_sensitivity,3,3,log2cpm,True,3.736294740854107,0.5567452566964286,True,1.0,2.9732768963283656,4.396284059362147
Solyc07g042390,Solyc07g042390,A,GSE183836_healthy,development_reuse_sensitivity,3,3,log2cpm,True,-1.5110263862163757,-0.5619187127976191,True,1.0,-2.5942929803493455,-0.35352834536088
Solyc01g095080,ACS2,B,GSE183836_healthy,development_reuse_sensitivity,3,3,log2cpm,True,0.13522785839858287,0.6965680803571429,True,0.6186556927297668,-0.9328658450355576,1.2027276124529165
Solyc08g005610,CYP707A2,B,GSE183836_healthy,development_reuse_sensitivity,3,3,log2cpm,True,0.5656111168895963,0.4896647135416666,True,0.8861454046639232,-0.30158348775136545,1.3847781851088627
Solyc12g017530,Solyc12g017530,B,GSE183836_healthy,development_reuse_sensitivity,3,3,log2cpm,True,0.13760686665504007,0.4520786830357142,True,0.7599451303155007,-0.1741244141810503,0.4883263195576717
Solyc07g054750,Solyc07g054750,B,GSE183836_healthy,development_reuse_sensitivity,3,3,log2cpm,True,1.283913377320612,0.6946265811011906,True,1.0,0.3768241211593492,1.9716193596751763
Solyc02g083380,Solyc02g083380,B,GSE183836_healthy,development_reuse_sensitivity,3,3,log2cpm,True,1.1045198429168464,0.4128882998511906,True,1.0,0.6425695477305728,1.5664701381031207
Solyc06g068900,Solyc06g068900,B,GSE183836_healthy,development_reuse_sensitivity,3,3,log2cpm,True,-0.2048738155063825,0.5066615513392856,False,0.15637860082304528,-0.5885172970611343,0.16186236035837887
Solyc03g114360,Solyc03g114360,B,GSE183836_healthy,development_reuse_sensitivity,3,3,log2cpm,True,4.659467866966207,0.4378255208333335,True,1.0,3.267791670118915,5.711924345605806
Solyc08g078870,Solyc08g078870,B,GSE183836_healthy,development_reuse_sensitivity,3,3,log2cpm,True,3.4138212297622257,0.4613676525297618,True,1.0,2.946786795337179,3.880855664187273
Solyc06g072650,Solyc06g072650,B,GSE183836_healthy,development_reuse_sensitivity,3,3,log2cpm,True,1.0438002260824217,0.5408296130952381,True,0.9643347050754458,-0.18205090304099497,2.017250912478775
Solyc12g096570,ARGOS,B,GSE183836_healthy,development_reuse_sensitivity,3,3,log2cpm,True,0.3023696366498996,0.5442475818452381,True,0.9396433470507545,-0.0700510673934085,0.6747903406932094
Solyc03g082560,Solyc03g082560,B,GSE183836_healthy,development_reuse_sensitivity,3,3,log2cpm,True,-2.5201782482734503,-0.41287667410714274,True,1.0,-3.2134224329953556,-1.8843048484300366
Solyc01g066740,Solyc01g066740,B,GSE183836_healthy,development_reuse_sensitivity,3,3,log2cpm,True,-1.7101462476622704,-0.42368861607142866,True,1.0,-2.21395341589239,-1.206339079432152
Solyc04g080250,Solyc04g080250,B,GSE183836_healthy,development_reuse_sensitivity,3,3,log2cpm,True,2.319274760517641,0.5977957589285716,True,1.0,1.5554352741810265,2.9636473842114697
Solyc04g064870,Solyc04g064870,B,GSE183836_healthy,development_reuse_sensitivity,3,3,log2cpm,True,0.5618560677935518,0.46723865327380965,True,1.0,0.296669479011447,0.8497624310745988
Solyc02g084600,Solyc02g084600,B,GSE183836_healthy,development_reuse_sensitivity,3,3,log2cpm,True,-1.3588462384806448,-0.47564406622023814,True,1.0,-1.8481724970851507,-0.8849920958685613
Solyc06g053950,Solyc06g053950,C,GSE183836_healthy,development_reuse_sensitivity,3,3,log2cpm,True,-0.8275142792998018,0.4723772321428572,False,0.0,-1.3691125712710939,-0.305013682840939
Solyc04g080540,Solyc04g080540,C,GSE183836_healthy,development_reuse_sensitivity,3,3,log2cpm,True,2.7382533891207066,0.41784086681547616,True,1.0,1.1828253897177596,4.608429106675425
