gene_id,studyshield_score,permutation_count,empirical_p,bh_fdr
Solyc02g038740,0.9825372359867026,1000,0.000999000999000999,0.00735772164343593
Solyc02g021680,0.969146806065465,1000,0.000999000999000999,0.00735772164343593
Solyc02g065280,0.9551101918122072,1000,0.000999000999000999,0.00735772164343593
Solyc08g005630,0.9510415879090902,1000,0.000999000999000999,0.00735772164343593
Solyc10g083400,0.945809722273073,1000,0.000999000999000999,0.00735772164343593
Solyc12g088220,0.9058875644811688,1000,0.000999000999000999,0.00735772164343593
Solyc02g083380,0.9050838951321264,1000,0.000999000999000999,0.00735772164343593
Solyc06g069430,0.8825762949016989,1000,0.000999000999000999,0.00735772164343593
Solyc11g005990,0.8708878212016826,1000,0.000999000999000999,0.00735772164343593
Solyc04g064870,0.8519893033080439,1000,0.000999000999000999,0.00735772164343593
Solyc03g122130,0.8309638208428617,1000,0.000999000999000999,0.00735772164343593
Solyc05g025600,-0.3266100956624908,1000,0.000999000999000999,0.00735772164343593
Solyc02g085950,-0.77506324876931,1000,0.000999000999000999,0.00735772164343593
Solyc10g081010,-0.7764666989692224,1000,0.000999000999000999,0.00735772164343593
Solyc08g061560,-0.8022273384555855,1000,0.000999000999000999,0.00735772164343593
Solyc10g079410,-0.8464185048194574,1000,0.000999000999000999,0.00735772164343593
Solyc08g069010,-0.8581458720304066,1000,0.000999000999000999,0.00735772164343593
Solyc03g117300,-0.8743000312395409,1000,0.000999000999000999,0.00735772164343593
Solyc02g055440,-0.8831155046587801,1000,0.000999000999000999,0.00735772164343593
Solyc05g051010,-0.8887971055043526,1000,0.000999000999000999,0.00735772164343593
Solyc12g015850,-0.895949204847036,1000,0.000999000999000999,0.00735772164343593
Solyc12g013710,-0.9076458076939352,1000,0.000999000999000999,0.00735772164343593
Solyc07g065540,-0.921725135481307,1000,0.000999000999000999,0.00735772164343593
Solyc04g071800,-0.9235607854570484,1000,0.000999000999000999,0.00735772164343593
Solyc12g015630,-0.9257359181898074,1000,0.000999000999000999,0.00735772164343593
Solyc11g010200,-0.9281244213638136,1000,0.000999000999000999,0.00735772164343593
Solyc08g016310,-0.9325599152815472,1000,0.000999000999000999,0.00735772164343593
Solyc12g098490,-0.9378539043427134,1000,0.000999000999000999,0.00735772164343593
Solyc09g083130,-0.9383025281325844,1000,0.000999000999000999,0.00735772164343593
Solyc01g080280,-0.9418843590946088,1000,0.000999000999000999,0.00735772164343593
Solyc02g088500,-0.9421090216017974,1000,0.000999000999000999,0.00735772164343593
Solyc01g058270,-0.94737616576675,1000,0.000999000999000999,0.00735772164343593
Solyc07g041640,-0.9491427649428292,1000,0.000999000999000999,0.00735772164343593
Solyc03g117690,-0.9502226470860292,1000,0.000999000999000999,0.00735772164343593
Solyc12g006530,-0.9505605474349716,1000,0.000999000999000999,0.00735772164343593
Solyc12g006470,-0.9508003210114266,1000,0.000999000999000999,0.00735772164343593
Solyc07g055050,-0.9508426602902632,1000,0.000999000999000999,0.00735772164343593
Solyc07g049440,-0.9524565170929586,1000,0.000999000999000999,0.00735772164343593
Solyc09g075140,-0.9537120805423228,1000,0.000999000999000999,0.00735772164343593
Solyc10g083670,-0.9551893795071064,1000,0.000999000999000999,0.00735772164343593
Solyc05g018510,-0.9581439298000216,1000,0.000999000999000999,0.00735772164343593
Solyc05g005960,-0.9581663818477648,1000,0.000999000999000999,0.00735772164343593
Solyc04g081300,-0.9601946035941656,1000,0.000999000999000999,0.00735772164343593
Solyc05g053310,-0.9603895254628242,1000,0.000999000999000999,0.00735772164343593
Solyc05g006740,-0.9612174672259414,1000,0.000999000999000999,0.00735772164343593
Solyc12g098600,-0.9618157864783248,1000,0.000999000999000999,0.00735772164343593
Solyc07g061970,-0.9619275003515566,1000,0.000999000999000999,0.00735772164343593
Solyc07g022900,-0.9669144779232344,1000,0.000999000999000999,0.00735772164343593
Solyc03g082560,-0.9690712594777504,1000,0.000999000999000999,0.00735772164343593
Solyc07g005390,-0.9693548836477258,1000,0.000999000999000999,0.00735772164343593
Solyc07g007350,-0.9695236820933356,1000,0.000999000999000999,0.00735772164343593
Solyc10g075070,-0.9715641791276716,1000,0.000999000999000999,0.00735772164343593
Solyc07g051820,-0.9755952676616444,1000,0.000999000999000999,0.00735772164343593
Solyc03g123830,-0.9779441312019178,1000,0.000999000999000999,0.00735772164343593
Solyc04g064620,-0.9785408395716572,1000,0.000999000999000999,0.00735772164343593
Solyc06g072700,-0.9791567506770652,1000,0.000999000999000999,0.00735772164343593
Solyc05g055400,-0.980634901509174,1000,0.000999000999000999,0.00735772164343593
Solyc05g012510,-0.9817545985844414,1000,0.000999000999000999,0.00735772164343593
Solyc07g043420,-0.9841198075511703,1000,0.000999000999000999,0.00735772164343593
Solyc07g066150,-0.984739781393183,1000,0.000999000999000999,0.00735772164343593
Solyc09g092430,-0.9878955785999524,1000,0.000999000999000999,0.00735772164343593
Solyc08g067030,-0.991359351466386,1000,0.000999000999000999,0.00735772164343593
Solyc03g121180,-0.9943647630951428,1000,0.000999000999000999,0.00735772164343593
Solyc08g081790,0.9743567431761372,1000,0.001998001998001998,0.009178939872009179
Solyc02g077790,0.9331497309418876,1000,0.001998001998001998,0.009178939872009179
Solyc01g008680,0.9290701291467064,1000,0.001998001998001998,0.009178939872009179
Solyc06g072650,0.8848388110805545,1000,0.001998001998001998,0.009178939872009179
Solyc08g007890,0.844510162164092,1000,0.001998001998001998,0.009178939872009179
Solyc03g031860,0.756552969935454,1000,0.001998001998001998,0.009178939872009179
Solyc02g065530,-0.5654694977043633,1000,0.001998001998001998,0.009178939872009179
Solyc01g108860,-0.7235946005852825,1000,0.001998001998001998,0.009178939872009179
Solyc02g070790,-0.7597466721496177,1000,0.001998001998001998,0.009178939872009179
Solyc03g121720,-0.7710825909945075,1000,0.001998001998001998,0.009178939872009179
Solyc04g015390,-0.80133578953291,1000,0.001998001998001998,0.009178939872009179
Solyc12g009930,-0.8049804561800117,1000,0.001998001998001998,0.009178939872009179
Solyc08g076520,-0.8108408599848961,1000,0.001998001998001998,0.009178939872009179
Solyc09g092580,-0.8116046476097645,1000,0.001998001998001998,0.009178939872009179
Solyc02g077330,-0.8147240191760259,1000,0.001998001998001998,0.009178939872009179
Solyc07g043500,-0.8429008721362303,1000,0.001998001998001998,0.009178939872009179
Solyc06g083580,-0.8563833134558949,1000,0.001998001998001998,0.009178939872009179
Solyc02g087870,-0.859138862228078,1000,0.001998001998001998,0.009178939872009179
Solyc04g074110,-0.8704523681411359,1000,0.001998001998001998,0.009178939872009179
Solyc03g005780,-0.8716964193980166,1000,0.001998001998001998,0.009178939872009179
Solyc08g013670,-0.8923849835201689,1000,0.001998001998001998,0.009178939872009179
Solyc08g007240,-0.8932684856119347,1000,0.001998001998001998,0.009178939872009179
Solyc01g079240,-0.893677651845618,1000,0.001998001998001998,0.009178939872009179
Solyc11g008630,-0.908539127965913,1000,0.001998001998001998,0.009178939872009179
Solyc01g109180,-0.9121096560146754,1000,0.001998001998001998,0.009178939872009179
Solyc05g041430,-0.9162581143874268,1000,0.001998001998001998,0.009178939872009179
Solyc04g016330,-0.917526556738124,1000,0.001998001998001998,0.009178939872009179
Solyc02g072440,-0.9305496705626704,1000,0.001998001998001998,0.009178939872009179
Solyc02g065350,-0.9384561003370387,1000,0.001998001998001998,0.009178939872009179
Solyc05g054330,-0.939881005646228,1000,0.001998001998001998,0.009178939872009179
Solyc06g071290,-0.9436216682832088,1000,0.001998001998001998,0.009178939872009179
Solyc08g081940,-0.9522839897051114,1000,0.001998001998001998,0.009178939872009179
Solyc02g070800,-0.9571593194815008,1000,0.001998001998001998,0.009178939872009179
Solyc03g115640,-0.9659241744248036,1000,0.001998001998001998,0.009178939872009179
Solyc02g005110,-0.9677707504288068,1000,0.001998001998001998,0.009178939872009179
Solyc06g084050,-0.9704431444262928,1000,0.001998001998001998,0.009178939872009179
Solyc01g108490,-0.9786101168519544,1000,0.001998001998001998,0.009178939872009179
Solyc10g007600,-0.9792152300437283,1000,0.001998001998001998,0.009178939872009179
Solyc08g066430,0.9246492207351752,1000,0.002997002997002997,0.010864135864135864
Solyc05g011960,0.8452812232240213,1000,0.002997002997002997,0.010864135864135864
Solyc02g092580,0.8278353051955002,1000,0.002997002997002997,0.010864135864135864
Solyc10g049230,0.7656455371920864,1000,0.002997002997002997,0.010864135864135864
Solyc05g012020,0.7143283001345089,1000,0.002997002997002997,0.010864135864135864
Solyc05g005550,-0.5827301075854435,1000,0.002997002997002997,0.010864135864135864
Solyc11g012880,-0.6776996555867718,1000,0.002997002997002997,0.010864135864135864
Solyc01g097770,-0.7263105425340507,1000,0.002997002997002997,0.010864135864135864
Solyc12g096870,-0.7642895060272735,1000,0.002997002997002997,0.010864135864135864
Solyc07g063350,-0.7662641071837671,1000,0.002997002997002997,0.010864135864135864
Solyc10g083440,-0.7691491404745657,1000,0.002997002997002997,0.010864135864135864
Solyc11g008810,-0.8046850784075722,1000,0.002997002997002997,0.010864135864135864
Solyc07g043460,-0.805905087514404,1000,0.002997002997002997,0.010864135864135864
Solyc06g048470,-0.811438863037563,1000,0.002997002997002997,0.010864135864135864
Solyc09g014350,-0.8199757765249894,1000,0.002997002997002997,0.010864135864135864
Solyc09g075810,-0.8348793790690381,1000,0.002997002997002997,0.010864135864135864
Solyc10g086320,-0.8432915758484486,1000,0.002997002997002997,0.010864135864135864
Solyc02g083700,-0.865716843113783,1000,0.002997002997002997,0.010864135864135864
Solyc02g023950,-0.8697591574799436,1000,0.002997002997002997,0.010864135864135864
Solyc06g084030,-0.8721716283009424,1000,0.002997002997002997,0.010864135864135864
Solyc09g083190,-0.8817628731008493,1000,0.002997002997002997,0.010864135864135864
Solyc11g066670,-0.908957468874484,1000,0.002997002997002997,0.010864135864135864
Solyc07g063600,-0.9220784652389742,1000,0.002997002997002997,0.010864135864135864
Solyc11g010690,-0.9379574453882074,1000,0.002997002997002997,0.010864135864135864
Solyc03g120890,-0.9403329081561106,1000,0.002997002997002997,0.010864135864135864
Solyc12g006520,-0.9570613078736944,1000,0.002997002997002997,0.010864135864135864
Solyc11g010960,-0.9671442125783288,1000,0.002997002997002997,0.010864135864135864
Solyc05g011970,0.892578507760836,1000,0.003996003996003996,0.012699629137985302
Solyc10g018140,0.8708372981296834,1000,0.003996003996003996,0.012699629137985302
Solyc02g092120,0.780035191030999,1000,0.003996003996003996,0.012699629137985302
Solyc05g015370,0.7144290391189869,1000,0.003996003996003996,0.012699629137985302
Solyc04g064940,-0.6575921748919341,1000,0.003996003996003996,0.012699629137985302
Solyc12g006140,-0.7050006165981656,1000,0.003996003996003996,0.012699629137985302
Solyc01g080680,-0.7122050051205949,1000,0.003996003996003996,0.012699629137985302
Solyc03g115000,-0.7569224820671209,1000,0.003996003996003996,0.012699629137985302
Solyc10g050110,-0.7901567056390897,1000,0.003996003996003996,0.012699629137985302
Solyc03g113350,-0.7927874403690333,1000,0.003996003996003996,0.012699629137985302
Solyc02g063150,-0.7993053638152245,1000,0.003996003996003996,0.012699629137985302
Solyc02g067320,-0.7996144667876112,1000,0.003996003996003996,0.012699629137985302
Solyc11g040150,-0.844195495337012,1000,0.003996003996003996,0.012699629137985302
Solyc09g065670,-0.8451271969661737,1000,0.003996003996003996,0.012699629137985302
Solyc02g092220,-0.8493675844889913,1000,0.003996003996003996,0.012699629137985302
Solyc07g049290,-0.8506341269909174,1000,0.003996003996003996,0.012699629137985302
Solyc03g093360,-0.8570017825871639,1000,0.003996003996003996,0.012699629137985302
Solyc04g009530,-0.875419867502537,1000,0.003996003996003996,0.012699629137985302
Solyc03g114360,0.7580645124600232,1000,0.004995004995004995,0.01514825044236809
Solyc05g014300,0.7534101410854401,1000,0.004995004995004995,0.01514825044236809
Solyc01g090730,-0.6398057615453198,1000,0.004995004995004995,0.01514825044236809
Solyc07g016170,-0.7025786654412438,1000,0.004995004995004995,0.01514825044236809
Solyc06g069380,-0.703572045800923,1000,0.004995004995004995,0.01514825044236809
Solyc12g055810,-0.7234104675799612,1000,0.004995004995004995,0.01514825044236809
Solyc08g082620,-0.820993939089132,1000,0.004995004995004995,0.01514825044236809
Solyc02g070890,0.9045572489273882,1000,0.005994005994005994,0.017168017168017167
Solyc04g077640,0.8947417582213304,1000,0.005994005994005994,0.017168017168017167
Solyc03g063730,0.7122171788888333,1000,0.005994005994005994,0.017168017168017167
Solyc03g118370,-0.5363659801660299,1000,0.005994005994005994,0.017168017168017167
Solyc09g011720,-0.5536086737350768,1000,0.005994005994005994,0.017168017168017167
Solyc02g085380,-0.6303453458666607,1000,0.005994005994005994,0.017168017168017167
Solyc12g009800,-0.686549024051839,1000,0.005994005994005994,0.017168017168017167
Solyc09g007940,-0.6984841014952572,1000,0.005994005994005994,0.017168017168017167
Solyc11g072080,-0.8259320333315102,1000,0.005994005994005994,0.017168017168017167
Solyc10g051020,0.8860560555910513,1000,0.006993006993006993,0.01854145854145854
Solyc01g095080,0.7802877521116603,1000,0.006993006993006993,0.01854145854145854
Solyc07g008210,-0.5658836565417533,1000,0.006993006993006993,0.01854145854145854
Solyc12g042010,-0.6723850499970941,1000,0.006993006993006993,0.01854145854145854
Solyc05g007120,-0.6812937580514513,1000,0.006993006993006993,0.01854145854145854
Solyc08g006310,-0.6848040416023683,1000,0.006993006993006993,0.01854145854145854
Solyc01g066740,-0.692585690149349,1000,0.006993006993006993,0.01854145854145854
Solyc02g091920,-0.7012863868983739,1000,0.006993006993006993,0.01854145854145854
Solyc07g042390,-0.7207094191407296,1000,0.006993006993006993,0.01854145854145854
Solyc03g116370,-0.7720553731088652,1000,0.006993006993006993,0.01854145854145854
Solyc03g121600,-0.829761792473138,1000,0.006993006993006993,0.01854145854145854
Solyc01g074030,-0.9450714598474184,1000,0.006993006993006993,0.01854145854145854
Solyc12g088700,-0.959477051003684,1000,0.006993006993006993,0.01854145854145854
Solyc10g079050,0.7113005291362009,1000,0.007992007992007992,0.02037522916643796
Solyc03g112030,0.6658092527102388,1000,0.007992007992007992,0.02037522916643796
Solyc06g054320,-0.6371894897089887,1000,0.007992007992007992,0.02037522916643796
Solyc10g054840,-0.7046396657216334,1000,0.007992007992007992,0.02037522916643796
Solyc03g112760,-0.7109849126294057,1000,0.007992007992007992,0.02037522916643796
Solyc01g094700,-0.7556702190065188,1000,0.007992007992007992,0.02037522916643796
Solyc07g054860,-0.7667407398830111,1000,0.007992007992007992,0.02037522916643796
Solyc06g005300,0.6597434999568671,1000,0.008991008991008992,0.022073164930307792
Solyc06g006090,-0.5185207706431351,1000,0.008991008991008992,0.022073164930307792
Solyc06g009770,-0.606039077062487,1000,0.008991008991008992,0.022073164930307792
Solyc03g078440,-0.6492969632661819,1000,0.008991008991008992,0.022073164930307792
Solyc01g086920,-0.654909799764835,1000,0.008991008991008992,0.022073164930307792
Solyc06g035580,-0.6999537044191841,1000,0.008991008991008992,0.022073164930307792
Solyc05g005920,-0.742798413150289,1000,0.008991008991008992,0.022073164930307792
Solyc08g080630,0.7480495224684532,1000,0.00999000999000999,0.023529769722663126
Solyc08g014130,0.6796970697399544,1000,0.00999000999000999,0.023529769722663126
Solyc03g120570,0.6627492802876589,1000,0.00999000999000999,0.023529769722663126
Solyc12g055840,-0.672242544413217,1000,0.00999000999000999,0.023529769722663126
Solyc08g066330,-0.7028419761368182,1000,0.00999000999000999,0.023529769722663126
Solyc05g010320,-0.737293856958327,1000,0.00999000999000999,0.023529769722663126
Solyc01g105050,-0.73735812230751,1000,0.00999000999000999,0.023529769722663126
Solyc02g070940,-0.9408291268034528,1000,0.00999000999000999,0.023529769722663126
Solyc04g082120,0.7015459384211123,1000,0.01098901098901099,0.024632372458459416
Solyc02g092110,0.616823544994846,1000,0.01098901098901099,0.024632372458459416
Solyc08g044260,-0.6198010539831684,1000,0.01098901098901099,0.024632372458459416
Solyc11g007540,-0.665635504954259,1000,0.01098901098901099,0.024632372458459416
Solyc02g081600,-0.6787032280573023,1000,0.01098901098901099,0.024632372458459416
Solyc03g013340,-0.6794227536193154,1000,0.01098901098901099,0.024632372458459416
Solyc11g006020,-0.7004863971219071,1000,0.01098901098901099,0.024632372458459416
Solyc02g078950,-0.7197496841212219,1000,0.01098901098901099,0.024632372458459416
Solyc02g071000,-0.7586919452225191,1000,0.01098901098901099,0.024632372458459416
Solyc10g054900,-0.8825951694096087,1000,0.01098901098901099,0.024632372458459416
Solyc10g047030,0.7597863013824468,1000,0.011988011988011988,0.025992698889895152
Solyc04g080250,0.7542337404124241,1000,0.011988011988011988,0.025992698889895152
Solyc09g083390,0.727758379921037,1000,0.011988011988011988,0.025992698889895152
Solyc06g064900,0.6058097050820505,1000,0.011988011988011988,0.025992698889895152
Solyc08g075490,-0.6797085293136952,1000,0.011988011988011988,0.025992698889895152
Solyc12g011450,-0.7013577457247021,1000,0.011988011988011988,0.025992698889895152
Solyc10g054080,-0.7284679687547133,1000,0.011988011988011988,0.025992698889895152
Solyc02g065260,0.6968524900767223,1000,0.012987012987012988,0.026901669758812616
Solyc10g084600,0.6193190951826774,1000,0.012987012987012988,0.026901669758812616
Solyc11g011210,0.6157944692489224,1000,0.012987012987012988,0.026901669758812616
Solyc11g012860,-0.6157609229951942,1000,0.012987012987012988,0.026901669758812616
Solyc11g056680,-0.6199006659921585,1000,0.012987012987012988,0.026901669758812616
Solyc05g014000,-0.6328289981959333,1000,0.012987012987012988,0.026901669758812616
Solyc02g080160,-0.6550923229188851,1000,0.012987012987012988,0.026901669758812616
Solyc05g010700,-0.7085219995819602,1000,0.012987012987012988,0.026901669758812616
Solyc12g049520,-0.7167994085843524,1000,0.012987012987012988,0.026901669758812616
Solyc03g112130,-0.8852941195216677,1000,0.012987012987012988,0.026901669758812616
Solyc09g089750,0.7425177952763422,1000,0.013986013986013986,0.027851976349830426
Solyc06g053620,0.7005678052919012,1000,0.013986013986013986,0.027851976349830426
Solyc01g108730,0.6603851021836183,1000,0.013986013986013986,0.027851976349830426
Solyc03g118060,0.6171689744431125,1000,0.013986013986013986,0.027851976349830426
Solyc02g083840,0.4959396121641697,1000,0.013986013986013986,0.027851976349830426
Solyc08g063090,-0.6653713071709401,1000,0.013986013986013986,0.027851976349830426
Solyc08g081220,-0.7289980321802889,1000,0.013986013986013986,0.027851976349830426
Solyc10g080540,-0.7764661996105029,1000,0.013986013986013986,0.027851976349830426
Solyc04g054740,-0.8026329404044751,1000,0.013986013986013986,0.027851976349830426
Solyc10g086710,0.5972439617515907,1000,0.014985014985014986,0.0293377508567382
Solyc08g082250,-0.6162430669682231,1000,0.014985014985014986,0.0293377508567382
Solyc05g026240,-0.6169341413633901,1000,0.014985014985014986,0.0293377508567382
Solyc04g054990,-0.8879715928992119,1000,0.014985014985014986,0.0293377508567382
Solyc02g085910,0.6244743269602454,1000,0.015984015984015984,0.030271769047279254
Solyc09g011590,0.5997475538261332,1000,0.015984015984015984,0.030271769047279254
Solyc02g065780,-0.6132811680723849,1000,0.015984015984015984,0.030271769047279254
Solyc01g109790,-0.6146205714794025,1000,0.015984015984015984,0.030271769047279254
Solyc06g083070,-0.6186016681086712,1000,0.015984015984015984,0.030271769047279254
Solyc02g087840,-0.6199573951363146,1000,0.015984015984015984,0.030271769047279254
Solyc10g078160,-0.626168168367299,1000,0.015984015984015984,0.030271769047279254
Solyc10g078740,-0.7008901659442813,1000,0.015984015984015984,0.030271769047279254
Solyc07g051950,0.620039000337205,1000,0.016983016983016984,0.030543100310542172
Solyc02g067750,0.6185847889973418,1000,0.016983016983016984,0.030543100310542172
Solyc02g078620,-0.52915095951692,1000,0.016983016983016984,0.030543100310542172
Solyc10g011950,-0.5465671156851609,1000,0.016983016983016984,0.030543100310542172
Solyc10g018780,-0.5974482275884515,1000,0.016983016983016984,0.030543100310542172
Solyc01g110000,-0.6132665364037037,1000,0.016983016983016984,0.030543100310542172
Solyc07g007550,-0.6147103534060047,1000,0.016983016983016984,0.030543100310542172
Solyc01g097290,-0.6159795879636761,1000,0.016983016983016984,0.030543100310542172
Solyc02g084600,-0.618240076984146,1000,0.016983016983016984,0.030543100310542172
Solyc02g090930,-0.6188837552954864,1000,0.016983016983016984,0.030543100310542172
Solyc03g118120,-0.6202108800425755,1000,0.016983016983016984,0.030543100310542172
Solyc06g035610,-0.6548365607581355,1000,0.016983016983016984,0.030543100310542172
Solyc07g062550,-0.7293180147029041,1000,0.016983016983016984,0.030543100310542172
Solyc12g017530,0.7938117409458364,1000,0.017982017982017984,0.031485495636439036
Solyc08g014010,0.6165654546488898,1000,0.017982017982017984,0.031485495636439036
Solyc10g085830,0.6165611589371779,1000,0.017982017982017984,0.031485495636439036
Solyc10g044510,-0.5911632886287318,1000,0.017982017982017984,0.031485495636439036
Solyc12g011410,-0.6011435148428772,1000,0.017982017982017984,0.031485495636439036
Solyc03g071570,-0.6112331670466781,1000,0.017982017982017984,0.031485495636439036
Solyc12g098340,-0.6165848630227525,1000,0.017982017982017984,0.031485495636439036
Solyc05g007770,0.6157351011349429,1000,0.01898101898101898,0.03237938532056179
Solyc12g013680,0.562693048514891,1000,0.01898101898101898,0.03237938532056179
Solyc12g008480,0.5421330523437927,1000,0.01898101898101898,0.03237938532056179
Solyc04g072850,-0.5992241855725565,1000,0.01898101898101898,0.03237938532056179
Solyc07g017600,-0.6121829244850295,1000,0.01898101898101898,0.03237938532056179
Solyc01g107890,-0.6151505949785664,1000,0.01898101898101898,0.03237938532056179
Solyc07g007750,-0.6192231515756372,1000,0.01898101898101898,0.03237938532056179
Solyc06g051800,0.6144120489667898,1000,0.01998001998001998,0.03299191911291555
Solyc01g108880,0.6115214424140568,1000,0.01998001998001998,0.03299191911291555
Solyc07g065290,0.611265211349237,1000,0.01998001998001998,0.03299191911291555
Solyc04g016200,-0.5756571333919296,1000,0.01998001998001998,0.03299191911291555
Solyc01g109500,-0.5798270525684449,1000,0.01998001998001998,0.03299191911291555
Solyc08g066360,-0.5880751455630439,1000,0.01998001998001998,0.03299191911291555
Solyc01g100930,-0.614010716595848,1000,0.01998001998001998,0.03299191911291555
Solyc02g078570,-0.6141570368224507,1000,0.01998001998001998,0.03299191911291555
Solyc06g065670,-0.6146780459649137,1000,0.01998001998001998,0.03299191911291555
Solyc09g011610,0.7560115294251288,1000,0.02097902097902098,0.03333652648721142
Solyc06g061170,0.6141502334128572,1000,0.02097902097902098,0.03333652648721142
Solyc03g116510,0.5930160044395956,1000,0.02097902097902098,0.03333652648721142
Solyc07g008430,-0.5495573190916844,1000,0.02097902097902098,0.03333652648721142
Solyc08g077550,-0.5763701699480268,1000,0.02097902097902098,0.03333652648721142
Solyc03g026210,-0.5988578886087691,1000,0.02097902097902098,0.03333652648721142
Solyc09g092130,-0.6003426160223483,1000,0.02097902097902098,0.03333652648721142
Solyc12g014570,-0.6023381680805532,1000,0.02097902097902098,0.03333652648721142
Solyc01g107730,-0.6143113409689311,1000,0.02097902097902098,0.03333652648721142
Solyc03g118510,-0.6149056042801542,1000,0.02097902097902098,0.03333652648721142
Solyc12g015690,-0.6616040519987217,1000,0.02097902097902098,0.03333652648721142
Solyc12g070080,0.6529396294122787,1000,0.02197802197802198,0.0337675569463649
Solyc01g080410,0.6117029181216355,1000,0.02197802197802198,0.0337675569463649
Solyc07g054800,0.5975386647328313,1000,0.02197802197802198,0.0337675569463649
Solyc10g006720,0.5881858901478358,1000,0.02197802197802198,0.0337675569463649
Solyc03g006760,-0.5962065931746254,1000,0.02197802197802198,0.0337675569463649
Solyc05g056170,-0.6026805537987273,1000,0.02197802197802198,0.0337675569463649
Solyc10g044680,-0.6063328750823108,1000,0.02197802197802198,0.0337675569463649
Solyc01g104850,-0.6134033026580339,1000,0.02197802197802198,0.0337675569463649
Solyc12g040640,-0.6160669186108721,1000,0.02197802197802198,0.0337675569463649
Solyc07g049300,-0.7915043810156359,1000,0.02197802197802198,0.0337675569463649
Solyc10g051120,0.6038595939210057,1000,0.022977022977022976,0.03472748749621714
Solyc03g031880,0.5849039245193447,1000,0.022977022977022976,0.03472748749621714
Solyc03g045070,-0.5813357820871258,1000,0.022977022977022976,0.03472748749621714
Solyc06g082460,-0.6043285013754364,1000,0.022977022977022976,0.03472748749621714
Solyc07g056540,-0.619285171096463,1000,0.022977022977022976,0.03472748749621714
Solyc08g066260,0.6129853538090768,1000,0.023976023976023976,0.03520530102808584
Solyc10g009260,0.5689836516805612,1000,0.023976023976023976,0.03520530102808584
Solyc10g005210,-0.5792145521660191,1000,0.023976023976023976,0.03520530102808584
Solyc02g083450,-0.5919628339798699,1000,0.023976023976023976,0.03520530102808584
Solyc02g078040,-0.6075628952827141,1000,0.023976023976023976,0.03520530102808584
Solyc01g104900,-0.6121237546184757,1000,0.023976023976023976,0.03520530102808584
Solyc11g006670,-0.6157563078593528,1000,0.023976023976023976,0.03520530102808584
Solyc02g069670,-0.6163051988010281,1000,0.023976023976023976,0.03520530102808584
Solyc10g080390,-0.6172515986509259,1000,0.023976023976023976,0.03520530102808584
Solyc10g080210,0.6116581604519963,1000,0.024975024975024976,0.035438567548659296
Solyc03g098740,0.6028253051520919,1000,0.024975024975024976,0.035438567548659296
Solyc07g055690,0.5655893186849343,1000,0.024975024975024976,0.035438567548659296
Solyc06g075720,0.5621319766521365,1000,0.024975024975024976,0.035438567548659296
Solyc03g007780,0.5010428660396138,1000,0.024975024975024976,0.035438567548659296
Solyc02g063030,-0.607882052143362,1000,0.024975024975024976,0.035438567548659296
Solyc12g099430,-0.6125892323527307,1000,0.024975024975024976,0.035438567548659296
Solyc10g047240,-0.6134216539130346,1000,0.024975024975024976,0.035438567548659296
Solyc02g083670,-0.6136445798983244,1000,0.024975024975024976,0.035438567548659296
Solyc01g099630,-0.6468053650679436,1000,0.024975024975024976,0.035438567548659296
Solyc02g089080,-0.7702805127335333,1000,0.024975024975024976,0.035438567548659296
Solyc04g076220,0.6128318850714338,1000,0.025974025974025976,0.036410719190175383
Solyc03g117630,0.6045633217203682,1000,0.025974025974025976,0.036410719190175383
Solyc09g074630,-0.6133452965152189,1000,0.025974025974025976,0.036410719190175383
Solyc02g088100,-0.614972043513151,1000,0.025974025974025976,0.036410719190175383
Solyc07g008620,0.601585957393115,1000,0.026973026973026972,0.03713793624772853
Solyc06g074000,-0.5755266212189225,1000,0.026973026973026972,0.03713793624772853
Solyc06g009190,-0.5883287249131632,1000,0.026973026973026972,0.03713793624772853
Solyc06g074260,-0.6136249603501912,1000,0.026973026973026972,0.03713793624772853
Solyc12g006660,-0.7140466805297496,1000,0.026973026973026972,0.03713793624772853
Solyc11g006250,-0.7955191375416844,1000,0.026973026973026972,0.03713793624772853
Solyc12g096570,0.5888391659393782,1000,0.027972027972027972,0.03839947035213307
Solyc01g088400,0.6121039220278929,1000,0.028971028971028972,0.03919112957013832
Solyc01g006540,0.5921907714012701,1000,0.028971028971028972,0.03919112957013832
Solyc06g050870,0.5727759718027384,1000,0.028971028971028972,0.03919112957013832
Solyc09g061890,-0.5415346175878103,1000,0.028971028971028972,0.03919112957013832
Solyc03g078150,-0.5799634314909724,1000,0.028971028971028972,0.03919112957013832
Solyc04g015640,-0.5461056376710366,1000,0.029970029970029972,0.04042469158748229
Solyc02g079490,0.5954921374288005,1000,0.030969030969030968,0.04165110252066774
Solyc11g072040,-0.5474758191893736,1000,0.03196803196803197,0.04287042437331455
Solyc05g050290,0.3514496801684666,1000,0.03296703296703297,0.044082718434303454
Solyc08g061020,-0.5370847120759,1000,0.03396603396603397,0.04528804528804529
Solyc09g011470,0.6035349630397138,1000,0.03496503496503497,0.046221584683123144
Solyc11g007250,-0.531375941224585,1000,0.03496503496503497,0.046221584683123144
Solyc10g076710,-0.5787670140024685,1000,0.03496503496503497,0.046221584683123144
Solyc06g050840,-0.4768317185609428,1000,0.03596403596403597,0.04727284047397363
Solyc06g069730,-0.5969068547847377,1000,0.03596403596403597,0.04727284047397363
Solyc09g066060,0.6068666613685998,1000,0.03696303696303696,0.048312251129152536
Solyc11g072310,0.5930505520670541,1000,0.03696303696303696,0.048312251129152536
Solyc08g005610,0.5724215116946944,1000,0.03796203796203796,0.0492021944535911
Solyc12g041950,-0.5421178656312946,1000,0.03796203796203796,0.0492021944535911
Solyc07g053540,-0.5772328993165886,1000,0.03796203796203796,0.0492021944535911
Solyc08g005770,0.5902991317626303,1000,0.03896103896103896,0.050356328907860945
Solyc09g098340,0.5400138702410859,1000,0.03996003996003996,0.051504051504051504
Solyc03g122350,0.5792909164669885,1000,0.04095904095904096,0.052645415526301954
Solyc12g055970,-0.54496203305045,1000,0.04195804195804196,0.05378047366997644
Solyc08g007850,0.5871091777125765,1000,0.04395604395604396,0.055878368207135334
Solyc07g017950,-0.5514682242516629,1000,0.04395604395604396,0.055878368207135334
Solyc11g018500,-0.5889210021799595,1000,0.04395604395604396,0.055878368207135334
Solyc03g007930,-0.4882694850489194,1000,0.04495504495504495,0.05683689607395329
Solyc07g049370,-0.5406387130784721,1000,0.04495504495504495,0.05683689607395329
Solyc12g017250,0.5703274500466129,1000,0.04595404595404595,0.05794205794205794
Solyc02g078340,0.5472768236098368,1000,0.04695304695304695,0.05904122977293709
Solyc02g083680,-0.8930990652698807,1000,0.04795204795204795,0.06013446013446013
Solyc10g024430,0.5375408729003656,1000,0.05094905094905095,0.06354935387193451
Solyc08g078870,0.537342361315648,1000,0.05094905094905095,0.06354935387193451
Solyc01g108400,0.5667561127379528,1000,0.05194805194805195,0.06462170537237562
Solyc12g100270,0.4924730718087618,1000,0.053946053946053944,0.06692772468173537
Solyc04g053010,-0.4097838772880737,1000,0.054945054945054944,0.06798534798534799
Solyc05g047530,0.5033133029529351,1000,0.055944055944055944,0.06903734563309032
Solyc05g053640,-0.4783369298523692,1000,0.057942057942057944,0.07131330208253285
Solyc10g054670,0.5420579789985978,1000,0.058941058941058944,0.07235092949378664
Solyc09g072560,-0.4052136677727615,1000,0.059940059940059943,0.0733830812986486
Solyc03g083440,0.5307886063949654,1000,0.060939060939060936,0.0744098007255902
Solyc07g064720,0.4963674732566758,1000,0.06293706293706294,0.07664776168713178
Solyc08g080490,-0.4007834328404476,1000,0.06393606393606394,0.077660559335952
Solyc00g060810,0.9386666308852072,1000,0.06593406593406594,0.07967032967032968
Solyc07g056510,0.5666757488224314,1000,0.06593406593406594,0.07967032967032968
Solyc12g013700,0.5373711166122478,1000,0.06793206793206794,0.08165927336911794
Solyc05g015380,0.3931197909062685,1000,0.06793206793206794,0.08165927336911794
Solyc09g025210,-0.3963012218357722,1000,0.06993006993006994,0.08384380477403733
Solyc01g099660,0.5202163628889678,1000,0.07392607392607392,0.0881791730120779
Solyc01g068490,0.5019917321442438,1000,0.07392607392607392,0.0881791730120779
Solyc11g064910,0.3873317581760497,1000,0.07492507492507493,0.08914162760316606
Solyc04g070970,-0.5114163201212232,1000,0.07592407592407592,0.09009915915286759
Solyc10g050980,0.5090831776949705,1000,0.07692307692307693,0.09105180533751962
Solyc00g156980,-0.8701450619665321,1000,0.07892107892107893,0.09317908554549777
Solyc05g015360,0.526967238638242,1000,0.08391608391608392,0.09807824417396206
Solyc05g054090,-0.4507612346602556,1000,0.08391608391608392,0.09807824417396206
Solyc11g065350,-0.533831158952553,1000,0.08391608391608392,0.09807824417396206
Solyc03g033730,-0.5648177111109358,1000,0.08391608391608392,0.09807824417396206
Solyc12g008430,0.5220252013289339,1000,0.08891108891108891,0.10365513883101822
Solyc01g099040,0.544394653294721,1000,0.0899100899100899,0.10455709703830005
Solyc04g012060,-0.461050512839702,1000,0.09090909090909091,0.10545454545454545
Solyc03g031630,0.4942748392134859,1000,0.09290709290709291,0.10750346909947907
Solyc09g031880,-0.2246238283303798,1000,0.0939060939060939,0.10838912331449645
Solyc11g042940,-0.58309759791894,1000,0.0989010989010989,0.11387124042210892
Solyc11g071980,-0.6842138768153204,1000,0.1008991008991009,0.11588411588411589
Solyc08g066240,0.4557111038299257,1000,0.1018981018981019,0.11674251674251675
Solyc12g094640,-0.4912849974965756,1000,0.1028971028971029,0.11759668902526045
Solyc02g090960,-0.4383138857425546,1000,0.1038961038961039,0.11844666390120936
Solyc02g089140,0.4455108002379414,1000,0.11288711288711288,0.12838142249906956
Solyc08g075080,-0.4439672340498981,1000,0.11388611388611389,0.1292008724771561
Solyc06g051150,0.3763949958817703,1000,0.11588411588411589,0.13082780965992644
Solyc12g044540,0.3098119062609565,1000,0.11588411588411589,0.13082780965992644
Solyc02g062390,0.4300410985115474,1000,0.12387612387612387,0.13951097446243077
Solyc12g010050,-0.4501206957966757,1000,0.12687312687312688,0.14254026844825876
Solyc02g088270,0.4305175463359474,1000,0.12787212787212787,0.14331562157649114
Solyc01g109920,0.5211682750736476,1000,0.13286713286713286,0.1485550593984329
Solyc05g025690,0.7101672371715017,1000,0.13486513486513488,0.15042649658034274
Solyc12g100250,0.4025033561085203,1000,0.13786213786213786,0.15266833405258226
Solyc05g014920,0.307531304098497,1000,0.13786213786213786,0.15266833405258226
Solyc10g005010,-0.3764424336151978,1000,0.13786213786213786,0.15266833405258226
Solyc07g056670,0.4387795044404193,1000,0.13886113886113885,0.15268144178096782
Solyc03g118100,0.4365844809811693,1000,0.13886113886113885,0.15268144178096782
Solyc04g080540,0.4219340549014443,1000,0.13886113886113885,0.15268144178096782
Solyc02g070020,0.4421961287917209,1000,0.13986013986013987,0.15341632362908958
Solyc10g024420,0.4397464406298205,1000,0.14085914085914086,0.15414773905339946
Solyc10g006880,0.4333309908217551,1000,0.14185814185814186,0.15487571252277135
Solyc11g008720,0.4235906402626548,1000,0.14285714285714285,0.1556002682763246
Solyc09g005560,0.4264465588982941,1000,0.14585414585414586,0.15849256130286576
Solyc09g091670,0.4296436088606554,1000,0.14785214785214784,0.1599146773971949
Solyc03g113930,0.4266956290479632,1000,0.14785214785214784,0.1599146773971949
Solyc07g062670,0.4240084271724763,1000,0.15084915084915085,0.16239908583296053
Solyc12g011310,0.42154388147939,1000,0.15084915084915085,0.16239908583296053
Solyc02g014430,0.4277925185460102,1000,0.15384615384615385,0.16486054361343044
Solyc12g049030,0.4040271005498415,1000,0.15384615384615385,0.16486054361343044
Solyc01g096740,0.4263704791170605,1000,0.16083916083916083,0.17195707518288164
Solyc06g068900,0.4273692817035509,1000,0.16583416583416583,0.17648406639232325
Solyc07g063850,0.4054032880100294,1000,0.16583416583416583,0.17648406639232325
Solyc03g120290,-0.4102230507631528,1000,0.16883116883116883,0.17926238521204196
Solyc05g014280,0.4183324089657481,1000,0.16983016983016982,0.1799114127881251
Solyc08g077210,0.4400993783203454,1000,0.17282717282717283,0.18266926695172708
Solyc09g015000,0.4141251678946103,1000,0.18281718281718282,0.19278902915266552
Solyc12g088350,0.4281917369508838,1000,0.18681318681318682,0.19655627818893126
Solyc03g097440,0.4173351115433755,1000,0.2047952047952048,0.21498863127822404
Solyc04g071090,0.4935893413064536,1000,0.23076923076923078,0.24116424116424118
Solyc02g064830,0.3927569764624934,1000,0.23076923076923078,0.24116424116424118
Solyc12g098790,0.3542605760026645,1000,0.23276723276723277,0.24216142601792826
Solyc10g080980,-0.3341817449691242,1000,0.23276723276723277,0.24216142601792826
Solyc11g020330,0.3862128702566681,1000,0.24275724275724275,0.25198962111713785
Solyc10g080900,0.377555899294679,1000,0.25274725274725274,0.2617739403453689
Solyc11g044910,0.3858707033768919,1000,0.25674325674325676,0.26532042567677316
Solyc09g059170,-0.3873364537333054,1000,0.25874125874125875,0.2667909867909868
Solyc04g077620,0.3798206636909242,1000,0.26173826173826176,0.26928282360654865
Solyc06g053950,0.3725816165590282,1000,0.26373626373626374,0.27073811144607607
Solyc07g054750,0.3647313581561573,1000,0.2907092907092907,0.297768456708854
Solyc05g009650,0.3606317762915276,1000,0.33266733266733267,0.3399948069551594
Solyc11g022590,-0.3415898308694888,1000,0.33766233766233766,0.3443413729128015
Solyc10g076240,0.3404226531695735,1000,0.37162837162837165,0.3781481676218518
Solyc02g087470,0.2891584488561008,1000,0.3876123876123876,0.3935495576633432
Solyc01g081290,0.3297835562454874,1000,0.4095904095904096,0.4149562228164848
Solyc01g095640,-0.2877609119544175,1000,0.4275724275724276,0.43223007928890284
Solyc09g031740,0.346416713957215,1000,0.45554445554445555,0.45950571167962473
Solyc04g016000,0.3156110112449482,1000,0.4565434565434565,0.4595144551760603
Solyc06g048440,-0.2861370710834366,1000,0.6943056943056943,0.6973113466619961
Solyc04g071590,-0.2613730684884185,1000,0.8111888111888111,0.8129408388587653
Solyc07g056700,-0.1792323661589331,1000,0.919080919080919,0.919080919080919
