sample_id,day_after_anthesis,biological_id,lane,study_id,genotype,stage,stage_ordinal,replicate,include_primary,lane_count
F8_398,8,398,1_ATCACG_L003,GSE128739,Moneymaker,day_8,-5,1,False,2
F8_110,8,110,3_TTAGGC_L003,GSE128739,Moneymaker,day_8,-5,2,False,2
F8_2,8,2,2_CGATGT_L003,GSE128739,Moneymaker,day_8,-5,3,False,2
F15_362,15,362,4_TGACCA_L003,GSE128739,Moneymaker,day_15,-4,1,False,2
F15_374,15,374,5_ACAGTG_L003,GSE128739,Moneymaker,day_15,-4,2,False,2
F15_434,15,434,6_GCCAAT_L003,GSE128739,Moneymaker,day_15,-4,3,False,2
F21_470,21,470,7_CAGATC_L003,GSE128739,Moneymaker,day_21,-3,1,False,2
F21_386,21,386,8_ACTTGA_L003,GSE128739,Moneymaker,day_21,-3,2,False,2
F21_410,21,410,9_GATCAG_L003,GSE128739,Moneymaker,day_21,-3,3,False,2
F28_422,28,422,10_TAGCTT_L003,GSE128739,Moneymaker,day_28,-2,1,False,2
F28_524,28,524,11_GGCTAC_L003,GSE128739,Moneymaker,day_28,-2,2,False,2
F28_452,28,452,12_CTTGTA_L003,GSE128739,Moneymaker,day_28,-2,3,False,2
F34_506,34,506,13_AGTCAA_L003,GSE128739,Moneymaker,day_34,-1,1,False,2
F34_1078,34,1078,14_AGTTCC_L003,GSE128739,Moneymaker,day_34,-1,2,False,2
F34_482,34,482,15_ATGTCA_L003,GSE128739,Moneymaker,day_34,-1,3,False,2
F41_1090,41,1090,16_CCGTCC_L003,GSE128739,Moneymaker,day_41,0,1,True,2
F41_494,41,494,17_GTCCGC_L001,GSE128739,Moneymaker,day_41,0,2,True,2
F41_542,41,542,18_GTGAAA_L001,GSE128739,Moneymaker,day_41,0,3,True,2
F49_1044,49,1044,20_GTTTCG_L001,GSE128739,Moneymaker,day_49,1,1,False,2
F49_1138,49,1138,21_CGTACG_L001,GSE128739,Moneymaker,day_49,1,2,False,2
F50_1505,50,1505,22_GAGTGG_L001,GSE128739,Moneymaker,day_50,2,1,False,2
F50_1032,50,1032,23_ACTGAT_L001,GSE128739,Moneymaker,day_50,2,2,False,2
F50_1150,50,1150,24_ATTCCT_L001,GSE128739,Moneymaker,day_50,2,3,False,2
F53_1020,53,1020,25_ATCACG_L001,GSE128739,Moneymaker,day_53,3,1,True,2
F53_1066,53,1066,26_CGATGT_L001,GSE128739,Moneymaker,day_53,3,2,True,2
F53_1162,53,1162,27_TTAGGC_L001,GSE128739,Moneymaker,day_53,3,3,True,2
