gene_id,original_direction,fc_wt,fc_rin,ecs,source_sheet,source_row,source_file
Solyc01g006540,positive,227.2244766,9.137578531,24.86703407,Sheet1,7,108118_Supplemental_Dataset2.xls
Solyc01g008510,positive,9.881302071,4.227126568,2.337593141,Sheet1,8,108118_Supplemental_Dataset2.xls
Solyc01g008910,positive,4.000948504,1.07977032,3.705369956,Sheet1,9,108118_Supplemental_Dataset2.xls
Solyc01g009010,positive,7.91468054,1.460027008,5.420913788,Sheet1,10,108118_Supplemental_Dataset2.xls
Solyc01g010870,positive,3.518699498,1.048632911,3.35551122,Sheet1,11,108118_Supplemental_Dataset2.xls
Solyc01g067670,positive,211.742959,14.03958643,15.0818516,Sheet1,12,108118_Supplemental_Dataset2.xls
Solyc01g081610,positive,10.84719162,2.035736263,5.328387484,Sheet1,13,108118_Supplemental_Dataset2.xls
Solyc01g087970,positive,2.434684952,0.355473594,6.849130268,Sheet1,14,108118_Supplemental_Dataset2.xls
Solyc01g088590,positive,27.48141149,0.436322406,62.98418575,Sheet1,15,108118_Supplemental_Dataset2.xls
Solyc01g094790,positive,14.64116352,1.157816215,12.64549877,Sheet1,16,108118_Supplemental_Dataset2.xls
Solyc01g095080,positive,135.5530627,3.565897745,38.01372682,Sheet1,17,108118_Supplemental_Dataset2.xls
Solyc01g095580,positive,3.108744808,1.133927047,2.741573911,Sheet1,18,108118_Supplemental_Dataset2.xls
Solyc01g095900,positive,18.45915149,1.902350173,9.703340506,Sheet1,19,108118_Supplemental_Dataset2.xls
Solyc01g096660,positive,3.854413541,1.906711893,2.021497613,Sheet1,20,108118_Supplemental_Dataset2.xls
Solyc01g097880,positive,7.482158008,2.834615261,2.639567391,Sheet1,21,108118_Supplemental_Dataset2.xls
Solyc01g098110,positive,26.46501378,2.147494517,12.32367001,Sheet1,22,108118_Supplemental_Dataset2.xls
Solyc01g098740,positive,36.29873753,0.196885822,184.3644051,Sheet1,23,108118_Supplemental_Dataset2.xls
Solyc01g099190,positive,36.2912229,3.686314772,9.844851878,Sheet1,24,108118_Supplemental_Dataset2.xls
Solyc01g099200,positive,3.615695371,0.430059615,8.407428275,Sheet1,25,108118_Supplemental_Dataset2.xls
Solyc01g100460,positive,12.07098968,3.028336033,3.986013952,Sheet1,26,108118_Supplemental_Dataset2.xls
Solyc01g106500,positive,3.718788674,1.262116805,2.946469503,Sheet1,27,108118_Supplemental_Dataset2.xls
Solyc01g107400,positive,15.07644139,3.450367823,4.369517154,Sheet1,28,108118_Supplemental_Dataset2.xls
Solyc01g107830,positive,51.92593558,2.134700392,24.32469482,Sheet1,29,108118_Supplemental_Dataset2.xls
Solyc01g107840,positive,64.32165547,1.884041081,34.14026165,Sheet1,30,108118_Supplemental_Dataset2.xls
Solyc02g031840,positive,3.096274474,1.361670935,2.273878655,Sheet1,31,108118_Supplemental_Dataset2.xls
Solyc02g036350,positive,35.0507183,4.537697384,7.724340196,Sheet1,32,108118_Supplemental_Dataset2.xls
Solyc02g037500,positive,30.1298865,5.110141422,5.896096411,Sheet1,33,108118_Supplemental_Dataset2.xls
Solyc02g064730,positive,3.144937835,1.198730156,2.623557786,Sheet1,34,108118_Supplemental_Dataset2.xls
Solyc02g070890,positive,48.48526396,4.710852507,10.29224835,Sheet1,35,108118_Supplemental_Dataset2.xls
Solyc02g077240,positive,2.809959558,1.046207729,2.685852418,Sheet1,36,108118_Supplemental_Dataset2.xls
Solyc02g077710,positive,13.41440897,0.41403105,32.3995241,Sheet1,37,108118_Supplemental_Dataset2.xls
Solyc02g077920,positive,4.768913342,1.705368404,2.796412393,Sheet1,38,108118_Supplemental_Dataset2.xls
Solyc02g078030,positive,4.906597359,2.144725285,2.287750973,Sheet1,39,108118_Supplemental_Dataset2.xls
Solyc02g078400,positive,7.719165785,0.690614047,11.1772499,Sheet1,40,108118_Supplemental_Dataset2.xls
Solyc02g079590,positive,3.697347217,1.778080366,2.079403883,Sheet1,41,108118_Supplemental_Dataset2.xls
Solyc02g082510,positive,3.174655913,0.916871908,3.462485748,Sheet1,42,108118_Supplemental_Dataset2.xls
Solyc02g083380,positive,6.079870239,2.050672633,2.964817564,Sheet1,43,108118_Supplemental_Dataset2.xls
Solyc02g085350,positive,3.903487492,1.056184045,3.695840238,Sheet1,44,108118_Supplemental_Dataset2.xls
Solyc02g085630,positive,2.916641296,0.322011801,9.057560266,Sheet1,45,108118_Supplemental_Dataset2.xls
Solyc02g088270,positive,125.5445073,20.04960487,6.261694834,Sheet1,46,108118_Supplemental_Dataset2.xls
Solyc02g092640,positive,3.190969894,1.404858435,2.271381809,Sheet1,48,108118_Supplemental_Dataset2.xls
Solyc03g005020,positive,13.50586559,1.510584023,8.940823805,Sheet1,49,108118_Supplemental_Dataset2.xls
Solyc03g025970,positive,3.393426299,1.064525321,3.187736572,Sheet1,50,108118_Supplemental_Dataset2.xls
Solyc03g031920,positive,14.62591151,1.503148871,9.730181613,Sheet1,51,108118_Supplemental_Dataset2.xls
Solyc03g044300,positive,15.77462892,1.749541193,9.01643756,Sheet1,52,108118_Supplemental_Dataset2.xls
Solyc03g080020,positive,9.600961523,2.320661927,4.137165095,Sheet1,53,108118_Supplemental_Dataset2.xls
Solyc03g083090,positive,2.578426664,0.90885911,2.836992705,Sheet1,54,108118_Supplemental_Dataset2.xls
Solyc03g098290,positive,7.386336351,0.620096077,11.91159988,Sheet1,55,108118_Supplemental_Dataset2.xls
Solyc03g114360,positive,4.679580158,1.674257154,2.795018761,Sheet1,56,108118_Supplemental_Dataset2.xls
Solyc03g115500,positive,9.150947738,0.289761167,31.58100111,Sheet1,57,108118_Supplemental_Dataset2.xls
Solyc03g115930,positive,6.592203062,1.321146634,4.989758815,Sheet1,58,108118_Supplemental_Dataset2.xls
Solyc03g116630,positive,10.39247825,2.353346212,4.416043076,Sheet1,59,108118_Supplemental_Dataset2.xls
Solyc03g117870,positive,6.994250819,2.49358676,2.804895715,Sheet1,60,108118_Supplemental_Dataset2.xls
Solyc03g118060,positive,80.21244407,18.87608742,4.249421095,Sheet1,61,108118_Supplemental_Dataset2.xls
Solyc04g005020,positive,8.293511466,0.483774009,17.14335891,Sheet1,62,108118_Supplemental_Dataset2.xls
Solyc04g011520,positive,10.002611,1.551286476,6.447945724,Sheet1,63,108118_Supplemental_Dataset2.xls
Solyc04g064610,positive,2.286025506,0.608032636,3.759708559,Sheet1,64,108118_Supplemental_Dataset2.xls
Solyc04g071150,positive,4.911293293,1.896688291,2.589404551,Sheet1,65,108118_Supplemental_Dataset2.xls
Solyc04g073950,positive,3.625426604,1.316418738,2.75400714,Sheet1,66,108118_Supplemental_Dataset2.xls
Solyc04g074850,positive,9.93663175,2.407966409,4.126565766,Sheet1,67,108118_Supplemental_Dataset2.xls
Solyc04g078810,positive,3.211078185,0.728357623,4.408655975,Sheet1,68,108118_Supplemental_Dataset2.xls
Solyc04g080250,positive,41.06205333,1.015184113,40.44788804,Sheet1,69,108118_Supplemental_Dataset2.xls
Solyc04g081900,positive,3.413054449,1.47500809,2.313922529,Sheet1,70,108118_Supplemental_Dataset2.xls
Solyc05g007770,positive,17.79282509,2.462611534,7.225185475,Sheet1,71,108118_Supplemental_Dataset2.xls
Solyc05g008110,positive,3.668841807,1.437543819,2.552159982,Sheet1,72,108118_Supplemental_Dataset2.xls
Solyc05g009120,positive,20.64575873,2.725085824,7.576186608,Sheet1,73,108118_Supplemental_Dataset2.xls
Solyc05g012020,positive,847.2185497,70.03718045,12.09669699,Sheet1,74,108118_Supplemental_Dataset2.xls
Solyc05g050010,positive,77.14789955,4.446165343,17.35155884,Sheet1,75,108118_Supplemental_Dataset2.xls
Solyc05g050970,positive,2.167202906,1.025115831,2.114105393,Sheet1,76,108118_Supplemental_Dataset2.xls
Solyc06g008300,positive,17.65448828,0.285254398,61.89032818,Sheet1,77,108118_Supplemental_Dataset2.xls
Solyc06g009380,positive,4.059188302,1.8656905,2.175702938,Sheet1,78,108118_Supplemental_Dataset2.xls
Solyc06g051800,positive,84.93196166,1.000547956,84.88544817,Sheet1,79,108118_Supplemental_Dataset2.xls
Solyc06g059720,positive,2066.048964,22.03087189,93.77971847,Sheet1,80,108118_Supplemental_Dataset2.xls
Solyc06g068900,positive,31.44643209,2.013077316,15.62107517,Sheet1,81,108118_Supplemental_Dataset2.xls
Solyc06g072650,positive,4.152175145,1.283280663,3.235593947,Sheet1,82,108118_Supplemental_Dataset2.xls
Solyc06g073740,positive,2.886667513,1.373098368,2.102302049,Sheet1,83,108118_Supplemental_Dataset2.xls
Solyc06g074710,positive,21.01275249,0.27901785,75.30970673,Sheet1,84,108118_Supplemental_Dataset2.xls
Solyc06g076320,positive,42.24769092,11.33384694,3.727568506,Sheet1,85,108118_Supplemental_Dataset2.xls
Solyc06g082540,positive,3.465356073,1.017348146,3.406263713,Sheet1,86,108118_Supplemental_Dataset2.xls
Solyc06g084300,positive,3.490697711,1.411117009,2.473712448,Sheet1,87,108118_Supplemental_Dataset2.xls
Solyc07g041190,positive,2.494292281,1.184086484,2.10651191,Sheet1,88,108118_Supplemental_Dataset2.xls
Solyc07g047800,positive,7.413463431,2.130622399,3.479482538,Sheet1,89,108118_Supplemental_Dataset2.xls
Solyc07g052960,positive,683.5462281,6.795795941,100.5836894,Sheet1,90,108118_Supplemental_Dataset2.xls
Solyc07g054060,positive,19.437729,3.353004564,5.797107826,Sheet1,91,108118_Supplemental_Dataset2.xls
Solyc07g054450,positive,4.139561157,1.867707673,2.21638601,Sheet1,92,108118_Supplemental_Dataset2.xls
Solyc07g056390,positive,3.322188406,0.770686371,4.310687891,Sheet1,93,108118_Supplemental_Dataset2.xls
Solyc07g064410,positive,83.62825166,4.503914165,18.56790529,Sheet1,94,108118_Supplemental_Dataset2.xls
Solyc07g064420,positive,4.59172767,1.416911123,3.240660331,Sheet1,95,108118_Supplemental_Dataset2.xls
Solyc07g065970,positive,4.688149313,2.222144187,2.109741276,Sheet1,96,108118_Supplemental_Dataset2.xls
Solyc08g005770,positive,136.1853715,19.10172754,7.129479322,Sheet1,97,108118_Supplemental_Dataset2.xls
Solyc08g014130,positive,25.91435193,3.58223711,7.234125251,Sheet1,98,108118_Supplemental_Dataset2.xls
Solyc08g061270,positive,8.303452076,1.697839989,4.890597542,Sheet1,99,108118_Supplemental_Dataset2.xls
Solyc08g062820,positive,2.046342119,0.60376876,3.389281218,Sheet1,100,108118_Supplemental_Dataset2.xls
Solyc08g063040,positive,17.4043798,1.6781579,10.37112169,Sheet1,101,108118_Supplemental_Dataset2.xls
Solyc08g066690,positive,9.33020017,2.237401081,4.170106222,Sheet1,102,108118_Supplemental_Dataset2.xls
Solyc08g066700,positive,12.11945541,1.965823914,6.165076801,Sheet1,103,108118_Supplemental_Dataset2.xls
Solyc08g075540,positive,8.67579233,2.218528725,3.910606264,Sheet1,104,108118_Supplemental_Dataset2.xls
Solyc08g077780,positive,4.322141064,1.538669735,2.809011555,Sheet1,105,108118_Supplemental_Dataset2.xls
Solyc08g078460,positive,33.27058128,0.901020182,36.9254562,Sheet1,106,108118_Supplemental_Dataset2.xls
Solyc08g079480,positive,5.835215079,2.118734269,2.754104261,Sheet1,107,108118_Supplemental_Dataset2.xls
Solyc08g080090,positive,32.67812117,7.113335945,4.593923501,Sheet1,108,108118_Supplemental_Dataset2.xls
Solyc08g080640,positive,121.6571217,2.225810669,54.65744388,Sheet1,109,108118_Supplemental_Dataset2.xls
Solyc08g080670,positive,434.9216502,2.420724728,179.6658848,Sheet1,110,108118_Supplemental_Dataset2.xls
Solyc08g081010,positive,11.93526952,3.034441232,3.933267645,Sheet1,111,108118_Supplemental_Dataset2.xls
Solyc08g081890,positive,7.61117047,1.622862497,4.689966332,Sheet1,112,108118_Supplemental_Dataset2.xls
Solyc09g008170,positive,3823.44729,5.948550778,642.7527365,Sheet1,113,108118_Supplemental_Dataset2.xls
Solyc09g010210,positive,256.9701962,0.237532666,1081.830979,Sheet1,114,108118_Supplemental_Dataset2.xls
Solyc09g015830,positive,4.070323844,1.594196021,2.553214153,Sheet1,115,108118_Supplemental_Dataset2.xls
Solyc09g061280,positive,2.903283322,1.165315468,2.491414043,Sheet1,116,108118_Supplemental_Dataset2.xls
Solyc09g065520,positive,2.59293277,0.698572743,3.711757719,Sheet1,117,108118_Supplemental_Dataset2.xls
Solyc09g074270,positive,6.972653998,2.402777623,2.90191399,Sheet1,118,108118_Supplemental_Dataset2.xls
Solyc09g082460,positive,10.39675653,2.516886106,4.130801354,Sheet1,119,108118_Supplemental_Dataset2.xls
Solyc09g082470,positive,2.06370789,1.024798332,2.013769758,Sheet1,120,108118_Supplemental_Dataset2.xls
Solyc09g089580,positive,66.27808129,12.22564972,5.42123182,Sheet1,121,108118_Supplemental_Dataset2.xls
Solyc10g006880,positive,9.434519871,4.562054242,2.06804202,Sheet1,122,108118_Supplemental_Dataset2.xls
Solyc10g008470,positive,5.523084244,0.768625813,7.185660629,Sheet1,123,108118_Supplemental_Dataset2.xls
Solyc10g008500,positive,4.085151133,1.757050686,2.325004717,Sheet1,124,108118_Supplemental_Dataset2.xls
Solyc10g009430,positive,4.352575762,0.817886597,5.321735041,Sheet1,125,108118_Supplemental_Dataset2.xls
Solyc10g079050,positive,23.77081029,1.339217885,17.74977064,Sheet1,126,108118_Supplemental_Dataset2.xls
Solyc10g081650,positive,7.139121835,1.763393361,4.048513505,Sheet1,127,108118_Supplemental_Dataset2.xls
Solyc10g083400,positive,131.5048137,12.42884601,10.58061332,Sheet1,128,108118_Supplemental_Dataset2.xls
Solyc10g085280,positive,62.88279472,1.22017418,51.53591656,Sheet1,129,108118_Supplemental_Dataset2.xls
Solyc10g085680,positive,3.447642557,0.822137763,4.193509545,Sheet1,130,108118_Supplemental_Dataset2.xls
Solyc10g085830,positive,8.340649384,3.279291165,2.543430566,Sheet1,131,108118_Supplemental_Dataset2.xls
Solyc10g085880,positive,14.23815098,3.187054449,4.467495367,Sheet1,132,108118_Supplemental_Dataset2.xls
Solyc11g007770,positive,2.588015665,0.746600768,3.466398345,Sheet1,133,108118_Supplemental_Dataset2.xls
Solyc11g011930,positive,4.530177231,1.763342392,2.569085421,Sheet1,134,108118_Supplemental_Dataset2.xls
Solyc11g065070,positive,3.11819844,1.318965718,2.364123948,Sheet1,135,108118_Supplemental_Dataset2.xls
Solyc11g072890,positive,3.57053023,1.440466823,2.47873132,Sheet1,136,108118_Supplemental_Dataset2.xls
Solyc12g005860,positive,4.824499112,2.273937182,2.121650127,Sheet1,137,108118_Supplemental_Dataset2.xls
Solyc12g005870,positive,3.545460153,1.360780608,2.605460522,Sheet1,138,108118_Supplemental_Dataset2.xls
Solyc12g010320,positive,8.426103868,2.353329556,3.580503142,Sheet1,139,108118_Supplemental_Dataset2.xls
Solyc12g013840,positive,2.273562766,1.092576148,2.080919275,Sheet1,140,108118_Supplemental_Dataset2.xls
Solyc12g096570,positive,79.05005712,10.56744882,7.480524247,Sheet1,141,108118_Supplemental_Dataset2.xls
Solyc12g098710,positive,160.2240679,5.273450725,30.38315446,Sheet1,142,108118_Supplemental_Dataset2.xls
Solyc12g099340,positive,2.296428926,0.948889239,2.420123269,Sheet1,143,108118_Supplemental_Dataset2.xls
Solyc12g099810,positive,14.63885155,1.861328722,7.864731989,Sheet1,144,108118_Supplemental_Dataset2.xls
Solyc01g007200,negative,0.327419254,1.013087955,0.323189366,Sheet1,146,108118_Supplemental_Dataset2.xls
Solyc01g088100,negative,0.433259557,1.043637942,0.415143547,Sheet1,147,108118_Supplemental_Dataset2.xls
Solyc01g090810,negative,0.200652407,0.54736867,0.366576346,Sheet1,148,108118_Supplemental_Dataset2.xls
Solyc01g091770,negative,0.049573481,0.106136077,0.467074741,Sheet1,149,108118_Supplemental_Dataset2.xls
Solyc01g095630,negative,0.041001887,0.231647545,0.177001174,Sheet1,150,108118_Supplemental_Dataset2.xls
Solyc01g099290,negative,0.034229065,0.272832522,0.125458156,Sheet1,151,108118_Supplemental_Dataset2.xls
Solyc01g102310,negative,0.051529039,0.161821677,0.318431007,Sheet1,152,108118_Supplemental_Dataset2.xls
Solyc01g104030,negative,0.345299568,1.458224959,0.236794444,Sheet1,153,108118_Supplemental_Dataset2.xls
Solyc01g104850,negative,0.016513419,0.192394687,0.08583095,Sheet1,154,108118_Supplemental_Dataset2.xls
Solyc01g109920,negative,0.413785345,0.845710235,0.489275556,Sheet1,155,108118_Supplemental_Dataset2.xls
Solyc01g109930,negative,0.424873124,0.936954152,0.453462022,Sheet1,157,108118_Supplemental_Dataset2.xls
Solyc01g111400,negative,0.208951111,0.428447379,0.487693753,Sheet1,158,108118_Supplemental_Dataset2.xls
Solyc02g062690,negative,0.165615407,1.377197945,0.12025534,Sheet1,159,108118_Supplemental_Dataset2.xls
Solyc02g064680,negative,0.243555708,1.739803193,0.139990379,Sheet1,160,108118_Supplemental_Dataset2.xls
Solyc02g064960,negative,0.135734497,0.276196454,0.491441853,Sheet1,161,108118_Supplemental_Dataset2.xls
Solyc02g068340,negative,0.081304997,0.259258255,0.313606203,Sheet1,162,108118_Supplemental_Dataset2.xls
Solyc02g071050,negative,0.070280356,0.207695935,0.33838099,Sheet1,163,108118_Supplemental_Dataset2.xls
Solyc02g071520,negative,0.438717654,1.01181257,0.433595774,Sheet1,164,108118_Supplemental_Dataset2.xls
Solyc02g078150,negative,0.249926104,1.722022548,0.14513521,Sheet1,165,108118_Supplemental_Dataset2.xls
Solyc02g078240,negative,0.11519312,0.496042132,0.232224468,Sheet1,166,108118_Supplemental_Dataset2.xls
Solyc02g078590,negative,0.192644829,0.504318761,0.381990209,Sheet1,167,108118_Supplemental_Dataset2.xls
Solyc02g079440,negative,0.179369641,0.368366124,0.486933051,Sheet1,168,108118_Supplemental_Dataset2.xls
Solyc02g083880,negative,0.024466858,0.072131209,0.339199337,Sheet1,169,108118_Supplemental_Dataset2.xls
Solyc02g083990,negative,0.404374352,0.8928,0.452928261,Sheet1,170,108118_Supplemental_Dataset2.xls
Solyc02g085030,negative,0.208465155,0.707469591,0.294663061,Sheet1,171,108118_Supplemental_Dataset2.xls
Solyc02g085340,negative,0.153315323,0.469826231,0.326323464,Sheet1,172,108118_Supplemental_Dataset2.xls
Solyc02g086300,negative,0.149686205,1.155540079,0.129537873,Sheet1,173,108118_Supplemental_Dataset2.xls
Solyc02g087970,negative,0.162168854,0.426060851,0.380623691,Sheet1,174,108118_Supplemental_Dataset2.xls
Solyc02g089630,negative,0.085338152,0.352266276,0.242254675,Sheet1,175,108118_Supplemental_Dataset2.xls
Solyc02g090510,negative,0.189888395,0.380399002,0.49918216,Sheet1,176,108118_Supplemental_Dataset2.xls
Solyc02g090620,negative,0.026401234,0.144970771,0.182114185,Sheet1,177,108118_Supplemental_Dataset2.xls
Solyc02g090680,negative,0.012861924,0.053745641,0.239311019,Sheet1,178,108118_Supplemental_Dataset2.xls
Solyc02g092490,negative,0.135831253,0.724995752,0.18735455,Sheet1,179,108118_Supplemental_Dataset2.xls
Solyc02g092790,negative,0.157013597,0.80915706,0.194045883,Sheet1,180,108118_Supplemental_Dataset2.xls
Solyc02g092820,negative,0.084933782,0.963788661,0.088124903,Sheet1,181,108118_Supplemental_Dataset2.xls
Solyc02g093150,negative,0.204967195,0.467882324,0.438074244,Sheet1,182,108118_Supplemental_Dataset2.xls
Solyc03g007700,negative,0.095283563,0.641681724,0.148490379,Sheet1,183,108118_Supplemental_Dataset2.xls
Solyc03g025250,negative,0.223808831,0.532005906,0.420688621,Sheet1,184,108118_Supplemental_Dataset2.xls
Solyc03g082550,negative,0.465171453,0.981577896,0.473901719,Sheet1,185,108118_Supplemental_Dataset2.xls
Solyc03g082660,negative,0.250702543,0.503689234,0.497732581,Sheet1,186,108118_Supplemental_Dataset2.xls
Solyc03g083100,negative,0.046853513,0.243413204,0.192485503,Sheet1,187,108118_Supplemental_Dataset2.xls
Solyc03g112060,negative,0.101885301,0.365127423,0.279040396,Sheet1,188,108118_Supplemental_Dataset2.xls
Solyc03g114730,negative,0.056511791,0.136155,0.415054831,Sheet1,189,108118_Supplemental_Dataset2.xls
Solyc03g115870,negative,0.189593711,0.533288992,0.355517766,Sheet1,190,108118_Supplemental_Dataset2.xls
Solyc03g116870,negative,0.492199551,1.127474721,0.43655041,Sheet1,191,108118_Supplemental_Dataset2.xls
Solyc03g117300,negative,0.158092409,0.484728439,0.326146345,Sheet1,192,108118_Supplemental_Dataset2.xls
Solyc03g117810,negative,0.228915635,0.579996361,0.394684606,Sheet1,193,108118_Supplemental_Dataset2.xls
Solyc03g120390,negative,0.223864198,0.511085943,0.438016738,Sheet1,194,108118_Supplemental_Dataset2.xls
Solyc03g120450,negative,0.119883133,0.258961644,0.462937798,Sheet1,195,108118_Supplemental_Dataset2.xls
Solyc03g120500,negative,0.240135285,0.482279094,0.497917675,Sheet1,196,108118_Supplemental_Dataset2.xls
Solyc03g121890,negative,0.350081849,1.307048643,0.267841484,Sheet1,197,108118_Supplemental_Dataset2.xls
Solyc04g005800,negative,0.087454808,0.3341488,0.261724141,Sheet1,198,108118_Supplemental_Dataset2.xls
Solyc04g007500,negative,0.299304229,1.465934896,0.204172934,Sheet1,199,108118_Supplemental_Dataset2.xls
Solyc04g009790,negative,0.04925971,0.342879447,0.143664807,Sheet1,200,108118_Supplemental_Dataset2.xls
Solyc04g053120,negative,0.061269986,0.230956897,0.265287536,Sheet1,201,108118_Supplemental_Dataset2.xls
Solyc04g054980,negative,0.186589257,0.704696001,0.264779787,Sheet1,202,108118_Supplemental_Dataset2.xls
Solyc04g081290,negative,0.188360743,1.368897479,0.137600329,Sheet1,203,108118_Supplemental_Dataset2.xls
Solyc04g082480,negative,0.28061356,0.569109618,0.493074711,Sheet1,204,108118_Supplemental_Dataset2.xls
Solyc04g082510,negative,0.380750218,1.092759333,0.348430076,Sheet1,205,108118_Supplemental_Dataset2.xls
Solyc05g005700,negative,0.248081702,1.476249939,0.168048577,Sheet1,206,108118_Supplemental_Dataset2.xls
Solyc05g007780,negative,0.296977369,0.917387826,0.323720634,Sheet1,207,108118_Supplemental_Dataset2.xls
Solyc05g009550,negative,0.309130741,1.470206495,0.210263485,Sheet1,208,108118_Supplemental_Dataset2.xls
Solyc05g009820,negative,0.129163099,0.449804937,0.287153583,Sheet1,209,108118_Supplemental_Dataset2.xls
Solyc05g013570,negative,0.111299722,0.316909644,0.351203331,Sheet1,210,108118_Supplemental_Dataset2.xls
Solyc05g015980,negative,0.428022,0.940495318,0.455102744,Sheet1,211,108118_Supplemental_Dataset2.xls
Solyc05g051660,negative,0.217610724,0.446740752,0.487107395,Sheet1,212,108118_Supplemental_Dataset2.xls
Solyc06g035700,negative,0.13559851,1.645539776,0.082403666,Sheet1,213,108118_Supplemental_Dataset2.xls
Solyc06g062670,negative,0.127091775,0.589169084,0.215713584,Sheet1,214,108118_Supplemental_Dataset2.xls
Solyc06g068520,negative,0.278594656,0.613789053,0.453893165,Sheet1,215,108118_Supplemental_Dataset2.xls
Solyc06g075370,negative,0.184645435,0.471457763,0.391647883,Sheet1,216,108118_Supplemental_Dataset2.xls
Solyc06g076040,negative,0.158305238,0.826146304,0.191618891,Sheet1,217,108118_Supplemental_Dataset2.xls
Solyc06g083130,negative,0.010618193,0.068512759,0.154981255,Sheet1,218,108118_Supplemental_Dataset2.xls
Solyc06g083230,negative,0.283124131,1.361318026,0.207977949,Sheet1,219,108118_Supplemental_Dataset2.xls
Solyc06g083660,negative,0.060600246,0.445987774,0.135878716,Sheet1,220,108118_Supplemental_Dataset2.xls
Solyc07g006890,negative,0.203333745,0.438776237,0.463411023,Sheet1,221,108118_Supplemental_Dataset2.xls
Solyc07g008100,negative,0.168965097,0.517953899,0.326216479,Sheet1,222,108118_Supplemental_Dataset2.xls
Solyc07g008110,negative,0.371313455,1.45977515,0.254363458,Sheet1,223,108118_Supplemental_Dataset2.xls
Solyc07g017540,negative,0.186056668,0.411146086,0.452531775,Sheet1,224,108118_Supplemental_Dataset2.xls
Solyc07g018340,negative,0.284493777,0.886196868,0.321027739,Sheet1,225,108118_Supplemental_Dataset2.xls
Solyc07g042390,negative,0.002675265,0.057289558,0.046697248,Sheet1,226,108118_Supplemental_Dataset2.xls
Solyc07g062530,negative,0.054603492,0.44709123,0.122130537,Sheet1,227,108118_Supplemental_Dataset2.xls
Solyc07g062550,negative,0.014744906,0.050040282,0.294660727,Sheet1,228,108118_Supplemental_Dataset2.xls
Solyc08g048290,negative,0.092235814,0.723980176,0.127401021,Sheet1,229,108118_Supplemental_Dataset2.xls
Solyc08g067410,negative,0.268639986,0.549632602,0.48876283,Sheet1,230,108118_Supplemental_Dataset2.xls
Solyc08g076480,negative,0.304365576,0.696704555,0.436864628,Sheet1,231,108118_Supplemental_Dataset2.xls
Solyc08g077060,negative,0.042961753,0.208133585,0.206414323,Sheet1,232,108118_Supplemental_Dataset2.xls
Solyc08g078300,negative,0.017485345,0.161902453,0.107999258,Sheet1,233,108118_Supplemental_Dataset2.xls
Solyc08g080500,negative,0.472656904,0.966558751,0.489010009,Sheet1,234,108118_Supplemental_Dataset2.xls
Solyc09g005080,negative,0.495592754,1.051758322,0.471204025,Sheet1,235,108118_Supplemental_Dataset2.xls
Solyc09g010630,negative,0.318668171,0.775046943,0.411159832,Sheet1,236,108118_Supplemental_Dataset2.xls
Solyc09g011060,negative,0.116816413,0.327312333,0.356895851,Sheet1,237,108118_Supplemental_Dataset2.xls
Solyc09g059430,negative,0.364251593,0.749723751,0.485847744,Sheet1,238,108118_Supplemental_Dataset2.xls
Solyc10g050860,negative,0.414541886,0.927408602,0.446989477,Sheet1,239,108118_Supplemental_Dataset2.xls
Solyc10g079130,negative,0.428975038,1.083390642,0.395956012,Sheet1,240,108118_Supplemental_Dataset2.xls
Solyc10g080560,negative,0.288325039,0.691284572,0.417085887,Sheet1,241,108118_Supplemental_Dataset2.xls
Solyc10g084340,negative,0.435468489,0.972762465,0.44766169,Sheet1,242,108118_Supplemental_Dataset2.xls
Solyc10g084990,negative,0.256834224,0.791253437,0.324591607,Sheet1,243,108118_Supplemental_Dataset2.xls
Solyc10g085000,negative,0.112950138,0.457409806,0.246934229,Sheet1,244,108118_Supplemental_Dataset2.xls
Solyc11g008140,negative,0.115294591,0.290144255,0.397369891,Sheet1,245,108118_Supplemental_Dataset2.xls
Solyc11g022460,negative,0.168633414,1.045571267,0.16128352,Sheet1,246,108118_Supplemental_Dataset2.xls
Solyc11g072600,negative,0.171508898,1.023250047,0.167611913,Sheet1,247,108118_Supplemental_Dataset2.xls
Solyc12g088750,negative,0.228473984,0.722111789,0.316396972,Sheet1,248,108118_Supplemental_Dataset2.xls
Solyc12g096500,negative,0.108944996,0.424131461,0.256866105,Sheet1,249,108118_Supplemental_Dataset2.xls
Solyc12g099280,negative,0.262702293,0.547537178,0.47978896,Sheet1,250,108118_Supplemental_Dataset2.xls
