gene_id,effect_source_a,effect_source_b,same_direction,minimum_absolute_effect
Solyc00g060810,0.9264322916666669,0.8376929873511905,True,0.8376929873511905
Solyc10g007600,-0.8172781808035714,-0.8639206659226192,True,0.8172781808035714
Solyc03g121180,-0.7310500372023809,-0.8839343843005952,True,0.7310500372023809
Solyc11g010960,-0.7101585751488095,-0.8292120070684524,True,0.7101585751488095
Solyc10g054900,-0.7546851748511905,-0.708158947172619,True,0.708158947172619
Solyc09g083190,-0.7066476004464286,-0.7682291666666667,True,0.7066476004464286
Solyc03g007780,0.7007649739583335,0.8116455078125,True,0.7007649739583335
Solyc06g071290,-0.7240513392857143,-0.6972307477678571,True,0.6972307477678571
Solyc08g005770,0.8120465959821429,0.6924525669642858,True,0.6924525669642858
Solyc02g065260,0.6795538039434523,0.7152855282738095,True,0.6795538039434523
Solyc12g088220,0.7594459170386907,0.6761823381696428,True,0.6761823381696428
Solyc02g089080,-0.7334333147321428,-0.6714564732142858,True,0.6714564732142858
Solyc05g005550,-0.6761997767857144,-0.666131882440476,True,0.666131882440476
Solyc11g006250,-0.6651088169642858,-0.7680431547619048,True,0.6651088169642858
Solyc01g110000,-0.6554478236607143,-0.695341564360119,True,0.6554478236607143
Solyc02g063030,-0.6543433779761905,-0.6905633835565478,True,0.6543433779761905
Solyc07g053540,-0.6821172805059526,-0.6541341145833334,True,0.6541341145833334
Solyc01g095080,0.6965680803571429,0.6522739955357142,True,0.6522739955357142
Solyc01g107730,-0.6377766927083334,-0.7871849423363096,True,0.6377766927083334
Solyc09g014350,-0.6325218563988095,-0.6600864955357142,True,0.6325218563988095
Solyc05g012020,0.6180710565476191,0.7530459449404764,True,0.6180710565476191
Solyc01g108490,-0.7807965959821428,-0.6170247395833335,True,0.6170247395833335
Solyc10g084600,0.6166178385416667,0.719366164434524,True,0.6166178385416667
Solyc01g080280,-0.6291736421130953,-0.6098109654017856,True,0.6098109654017856
Solyc05g014280,0.6077008928571428,0.6886160714285716,True,0.6077008928571428
Solyc02g067750,0.6055152529761905,0.6274239676339286,True,0.6055152529761905
Solyc01g099040,0.5985979352678573,0.673921130952381,True,0.5985979352678573
Solyc04g074110,-0.6375674293154763,-0.5970517113095237,True,0.5970517113095237
Solyc03g120570,0.5961914062500001,0.6704101562500002,True,0.5961914062500001
Solyc01g080410,0.6901739211309523,0.5958775111607144,True,0.5958775111607144
Solyc08g081790,0.5942499069940477,0.7487211681547619,True,0.5942499069940477
Solyc05g014000,-0.5887858072916667,-0.6497977120535715,True,0.5887858072916667
Solyc07g051950,0.5867164248511905,0.8015078590029763,True,0.5867164248511905
Solyc08g007240,-0.6346726190476192,-0.5856701078869047,True,0.5856701078869047
Solyc05g053310,-0.596923828125,-0.5834495907738095,True,0.5834495907738095
Solyc10g047240,-0.5831240699404762,-0.5927443731398809,True,0.5831240699404762
Solyc01g109920,0.6038876488095237,0.580264136904762,True,0.580264136904762
Solyc08g061020,-0.5768926711309526,-0.6725609188988095,True,0.5768926711309526
Solyc10g044680,-0.5735444568452381,-0.6422642299107143,True,0.5735444568452381
Solyc09g061890,-0.5695917038690477,-0.7366420200892857,True,0.5695917038690477
Solyc08g066240,0.5690976097470238,0.6887381417410714,True,0.5690976097470238
Solyc01g074030,-0.5633486793154763,-0.5866292317708334,True,0.5633486793154763
Solyc02g083680,-0.6186058407738096,-0.5623837425595238,True,0.5623837425595238
Solyc08g005630,0.6587611607142858,0.5572567894345238,True,0.5572567894345238
Solyc10g079050,0.5567452566964286,0.6250058128720238,True,0.5567452566964286
Solyc08g081220,-0.7006370907738095,-0.5556873139880951,True,0.5556873139880951
Solyc01g104900,-0.5545247395833333,-0.6293364025297619,True,0.5545247395833333
Solyc03g007930,-0.7803838820684526,-0.5523681640625,True,0.5523681640625
Solyc07g022900,-0.5523042224702381,-0.8055361793154763,True,0.5523042224702381
Solyc03g013340,-0.643705822172619,-0.5516183035714286,True,0.5516183035714286
Solyc12g015630,-0.5481538318452381,-0.6541283017113096,True,0.5481538318452381
Solyc10g018140,0.5970865885416666,0.5479329427083335,True,0.5479329427083335
Solyc10g080390,-0.5476539248511906,-0.5706263950892856,True,0.5476539248511906
Solyc04g080250,0.5977957589285716,0.5458635602678571,True,0.5458635602678571
Solyc09g072560,-0.7235979352678571,-0.545503162202381,True,0.545503162202381
Solyc02g088270,0.543829055059524,0.5993187313988096,True,0.543829055059524
Solyc03g117300,-0.5705450148809523,-0.5435384114583334,True,0.5435384114583334
Solyc04g077640,0.5630580357142858,0.5432710193452381,True,0.5432710193452381
Solyc08g066260,0.5417945498511906,0.7811976841517859,True,0.5417945498511906
Solyc12g008430,0.75732421875,0.5326567150297619,True,0.5326567150297619
Solyc02g091920,-0.5726376488095238,-0.531436011904762,True,0.531436011904762
Solyc05g010320,-0.5304129464285715,-0.5325520833333335,True,0.5304129464285715
Solyc02g081600,-0.5266229538690477,-0.609956287202381,True,0.5266229538690477
Solyc03g115640,-0.5256231398809523,-0.6774960472470237,True,0.5256231398809523
Solyc00g156980,-0.5230887276785715,-0.5757475353422621,True,0.5230887276785715
Solyc01g108730,0.5173572358630951,0.7613234747023809,True,0.5173572358630951
Solyc02g088100,-0.5166596912202381,-0.6494373139880951,True,0.5166596912202381
Solyc07g042390,-0.5619187127976191,-0.516630626860119,True,0.516630626860119
Solyc09g075810,-0.5164039248511905,-0.7499476841517858,True,0.5164039248511905
Solyc10g080900,0.5162179129464286,0.6056082589285716,True,0.5162179129464286
Solyc10g083400,0.5841820126488095,0.5149972098214286,True,0.5149972098214286
Solyc11g022590,-0.5130208333333333,-0.7310442243303571,True,0.5130208333333333
Solyc11g012880,-0.5070219494047621,-0.5819208054315477,True,0.5070219494047621
Solyc08g007850,0.5057779947916667,0.6783737909226191,True,0.5057779947916667
Solyc12g096870,-0.5050223214285715,-0.5674700055803572,True,0.5050223214285715
Solyc02g062390,0.5019414992559526,0.6453159877232144,True,0.5019414992559526
Solyc01g104850,-0.5013718377976191,-0.6465715680803573,True,0.5013718377976191
Solyc05g015380,0.5041852678571429,0.5013311476934523,True,0.5013311476934523
Solyc01g097770,-0.49832589285714296,-0.6242036365327382,True,0.49832589285714296
Solyc02g005110,-0.6477108909970238,-0.49798293340773814,True,0.49798293340773814
Solyc12g098490,-0.49737258184523814,-0.5026216052827381,True,0.49737258184523814
Solyc06g083070,-0.6175595238095238,-0.4965645926339286,True,0.4965645926339286
Solyc05g026240,-0.49603562127976186,-0.6025390625,True,0.49603562127976186
Solyc10g051120,0.4945242745535713,0.5199730282738095,True,0.4945242745535713
Solyc01g080680,-0.6652599516369049,-0.4937395368303572,True,0.4937395368303572
Solyc02g065350,-0.4933965773809524,-0.7088448660714286,True,0.4933965773809524
Solyc03g071570,-0.49045526413690477,-0.4963843936011904,True,0.49045526413690477
Solyc05g012510,-0.48956008184523797,-0.5676560174851191,True,0.48956008184523797
Solyc09g066060,0.6534656343005953,0.4892054966517858,True,0.4892054966517858
Solyc02g065280,0.4888974144345238,0.6909760974702381,True,0.4888974144345238
Solyc03g112760,-0.5820428757440476,-0.4886067708333334,True,0.4886067708333334
Solyc04g064620,-0.5682779947916667,-0.48710704985119047,True,0.48710704985119047
Solyc01g058270,-0.48709542410714285,-0.5111955915178572,True,0.48709542410714285
Solyc05g018510,-0.5817173549107144,-0.4850725446428572,True,0.4850725446428572
Solyc10g024420,0.5718877883184524,0.48468889508928575,True,0.48468889508928575
Solyc12g009930,-0.4828287760416667,-0.5043654668898809,True,0.4828287760416667
Solyc02g063150,-0.5658714657738096,-0.48267764136904756,True,0.48267764136904756
Solyc02g092220,-0.48116629464285715,-0.562715076264881,True,0.48116629464285715
Solyc08g067030,-0.5807989211309523,-0.4809105282738095,True,0.4809105282738095
Solyc03g113350,-0.48084077380952384,-0.6374453590029763,True,0.48084077380952384
Solyc07g054860,-0.6162458147321428,-0.48060825892857145,True,0.48060825892857145
Solyc02g038740,0.5063011532738096,0.48031761532738076,True,0.48031761532738076
Solyc01g107890,-0.4799223400297619,-0.6803443545386905,True,0.4799223400297619
Solyc12g015690,-0.4782249813988095,-0.6336379278273809,True,0.4782249813988095
Solyc06g048470,-0.4863048735119047,-0.47820754278273814,True,0.47820754278273814
Solyc03g006760,-0.48976934523809534,-0.4777367001488096,True,0.4777367001488096
Solyc12g006470,-0.6501697358630951,-0.4769228980654762,True,0.4769228980654762
Solyc01g006540,0.47509765625,0.5625581287202381,True,0.47509765625
Solyc03g113930,0.5889950706845237,0.4749465215773809,True,0.4749465215773809
Solyc03g118120,-0.4890950520833333,-0.4740862165178572,True,0.4740862165178572
Solyc02g078340,0.5232863653273809,0.4720633370535714,True,0.4720633370535714
Solyc10g047030,0.4718075706845238,0.5847981770833335,True,0.4718075706845238
Solyc12g013710,-0.4703543526785715,-0.6973005022321428,True,0.4703543526785715
Solyc08g080630,0.47013346354166663,0.5340983072916667,True,0.47013346354166663
Solyc06g009770,-0.4699474516369047,-0.6510300409226191,True,0.4699474516369047
Solyc08g016310,-0.46805245535714296,-0.8300141834077381,True,0.46805245535714296
Solyc05g015370,0.4659946986607143,0.5508393787202381,True,0.4659946986607143
Solyc01g097290,-0.5502174014136905,-0.465704055059524,True,0.465704055059524
Solyc09g031880,-0.5175083705357144,-0.46295456659226186,True,0.46295456659226186
Solyc01g088400,0.5799153645833333,0.46287899925595255,True,0.46287899925595255
Solyc12g070080,0.4626232328869048,0.605654761904762,True,0.4626232328869048
Solyc10g083670,-0.4623325892857143,-0.7171049572172619,True,0.4623325892857143
Solyc08g082620,-0.5614943731398809,-0.46179780505952395,True,0.46179780505952395
Solyc12g010050,-0.4918619791666666,-0.46156529017857145,True,0.46156529017857145
Solyc03g031860,0.4908621651785714,0.461065383184524,True,0.461065383184524
Solyc04g016330,-0.4580194382440477,-0.48225911458333337,True,0.4580194382440477
Solyc07g055050,-0.4804571242559524,-0.4578799293154762,True,0.4578799293154762
Solyc06g053620,0.45762416294642855,0.738164992559524,True,0.45762416294642855
Solyc12g094640,-0.4572870163690476,-0.551397414434524,True,0.4572870163690476
Solyc03g078440,-0.507754371279762,-0.45718238467261907,True,0.45718238467261907
Solyc05g010700,-0.6749035063244048,-0.4563743954613095,True,0.4563743954613095
Solyc06g069430,0.5056733630952381,0.45345633370535715,True,0.45345633370535715
Solyc06g035610,-0.45314825148809534,-0.590611049107143,True,0.45314825148809534
Solyc10g080980,-0.4530203683035715,-0.5470842633928572,True,0.4530203683035715
Solyc07g065540,-0.460600353422619,-0.45267159598214285,True,0.45267159598214285
Solyc04g054990,-0.452241443452381,-0.48579334077380965,True,0.452241443452381
Solyc01g094700,-0.5732073102678573,-0.45166015625000006,True,0.45166015625000006
Solyc02g070790,-0.46822684151785704,-0.45149158296130953,True,0.45149158296130953
Solyc10g051020,0.5265183221726191,0.4501255580357143,True,0.4501255580357143
Solyc03g118510,-0.5152064732142858,-0.4494396391369049,True,0.4494396391369049
Solyc07g049440,-0.4472423735119048,-0.6409795851934524,True,0.4472423735119048
Solyc09g083130,-0.4467657180059524,-0.5917445591517858,True,0.4467657180059524
Solyc10g075070,-0.6411830357142858,-0.4461844308035715,True,0.4461844308035715
Solyc03g097440,0.4449986049107143,0.5171130952380953,True,0.4449986049107143
Solyc02g079490,0.44382440476190477,0.5022088913690474,True,0.44382440476190477
Solyc08g014010,0.443545386904762,0.6043759300595237,True,0.443545386904762
Solyc10g054080,-0.4431268601190477,-0.6099911644345238,True,0.4431268601190477
Solyc05g014300,0.44284784226190466,0.7418736049107143,True,0.44284784226190466
Solyc11g006670,-0.4424874441964286,-0.5124453590029763,True,0.4424874441964286
Solyc12g098600,-0.515415736607143,-0.4423828125000001,True,0.4423828125000001
Solyc09g011470,0.5013020833333334,0.4423014322916667,True,0.4423014322916667
Solyc05g025600,-0.4415341331845238,-0.5233909970238095,True,0.4415341331845238
Solyc07g007750,-0.4411737351190477,-0.5875069754464286,True,0.4411737351190477
Solyc07g043420,-0.4394531250000001,-0.4466785249255951,True,0.4394531250000001
Solyc05g005960,-0.5015811011904763,-0.4392147972470238,True,0.4392147972470238
Solyc01g100930,-0.43872070312499994,-0.5687430245535715,True,0.43872070312499994
Solyc06g050840,-0.43806966145833337,-0.5967552548363096,True,0.43806966145833337
Solyc09g092130,-0.5697660900297621,-0.43785458519345244,True,0.43785458519345244
Solyc05g006740,-0.43745349702380953,-0.6022251674107142,True,0.43745349702380953
Solyc04g071800,-0.5704868861607142,-0.43688964843749994,True,0.43688964843749994
Solyc09g083390,0.5057082403273812,0.4367327008928572,True,0.4367327008928572
Solyc02g090960,-0.5336565290178571,-0.4366571335565478,True,0.4366571335565478
Solyc01g008680,0.4362676711309524,0.44338843936011907,True,0.4362676711309524
Solyc12g099430,-0.4562639508928572,-0.43623279389880953,True,0.43623279389880953
Solyc11g008630,-0.5546758742559526,-0.4361862909226192,True,0.4361862909226192
Solyc12g015850,-0.4688778831845238,-0.43575032552083337,True,0.43575032552083337
Solyc08g061560,-0.577090308779762,-0.4344308035714286,True,0.4344308035714286
Solyc07g049290,-0.434384300595238,-0.5990164620535714,True,0.434384300595238
Solyc07g005390,-0.5202752976190477,-0.43392508370535715,True,0.43392508370535715
Solyc02g078620,-0.43318684895833354,-0.5008661179315477,True,0.43318684895833354
Solyc02g055440,-0.5231468563988095,-0.43253580729166674,True,0.43253580729166674
Solyc02g090930,-0.43243117559523814,-0.7506452287946429,True,0.43243117559523814
Solyc02g087840,-0.5917271205357142,-0.43229166666666674,True,0.43229166666666674
Solyc03g093360,-0.4320242745535715,-0.5904889787946428,True,0.4320242745535715
Solyc11g018500,-0.5460263206845238,-0.4305478050595239,True,0.4305478050595239
Solyc08g013670,-0.42980375744047616,-0.52197265625,True,0.42980375744047616
Solyc11g010200,-0.4297572544642857,-0.5423700241815476,True,0.4297572544642857
Solyc10g079410,-0.42926897321428575,-0.5174386160714286,True,0.42926897321428575
Solyc07g066150,-0.42925734747023814,-0.5712076822916667,True,0.42925734747023814
Solyc06g084050,-0.42836216517857145,-0.7844122023809523,True,0.42836216517857145
Solyc12g011410,-0.42822265624999994,-0.6523030598958333,True,0.42822265624999994
Solyc06g082460,-0.4273158482142856,-0.5394403366815478,True,0.4273158482142856
Solyc06g065670,-0.49434988839285704,-0.42712983630952384,True,0.42712983630952384
Solyc08g081940,-0.5038713727678571,-0.42662992931547633,True,0.42662992931547633
Solyc08g078870,0.4613676525297618,0.4264787946428571,True,0.4264787946428571
Solyc07g051820,-0.42529296874999994,-0.574311755952381,True,0.42529296874999994
Solyc01g105050,-0.4246535528273811,-0.664306640625,True,0.4246535528273811
Solyc05g005920,-0.42417689732142855,-0.42953636532738093,True,0.42417689732142855
Solyc01g066740,-0.42368861607142866,-0.450288318452381,True,0.42368861607142866
Solyc10g050110,-0.4230608258928571,-0.7660086495535714,True,0.4230608258928571
Solyc05g051010,-0.49596586681547616,-0.42289225260416674,True,0.42289225260416674
Solyc10g044510,-0.4226306733630953,-0.4345238095238096,True,0.4226306733630953
Solyc07g007350,-0.43659319196428575,-0.4200497581845239,True,0.4200497581845239
Solyc02g087870,-0.4198172433035713,-0.43889508928571436,True,0.4198172433035713
Solyc10g005210,-0.699311755952381,-0.4195033482142857,True,0.4195033482142857
Solyc02g069670,-0.41909644717261907,-0.4639834449404763,True,0.41909644717261907
Solyc09g092430,-0.418701171875,-0.6249302455357142,True,0.418701171875
Solyc03g033730,-0.4183175223214286,-0.4631173270089286,True,0.4183175223214286
Solyc12g088700,-0.41829427083333337,-0.590547107514881,True,0.41829427083333337
Solyc03g122130,0.4178931826636906,0.4302804129464287,True,0.4178931826636906
Solyc04g072850,-0.5227167038690477,-0.41673642113095244,True,0.41673642113095244
Solyc05g056170,-0.4347679501488095,-0.41663178943452395,True,0.41663178943452395
Solyc04g070970,-0.6566685267857144,-0.41627139136904756,True,0.41627139136904756
Solyc07g062670,0.5576753162202381,0.4162481398809524,True,0.4162481398809524
Solyc07g017950,-0.4732491629464286,-0.41467866443452395,True,0.41467866443452395
Solyc06g050870,0.7149948846726191,0.41303943452380965,True,0.41303943452380965
Solyc03g082560,-0.41287667410714274,-0.5278087797619048,True,0.41287667410714274
Solyc11g040150,-0.4128534226190476,-0.6010858444940477,True,0.4128534226190476
Solyc01g109180,-0.4111095610119048,-0.6201927548363096,True,0.4111095610119048
Solyc02g065780,-0.41091192336309523,-0.5167178199404763,True,0.41091192336309523
Solyc02g078570,-0.4928966703869048,-0.4106794084821429,True,0.4106794084821429
Solyc06g083580,-0.41048177083333326,-0.7416178385416666,True,0.41048177083333326
Solyc10g054670,0.41003999255952384,0.41048177083333354,True,0.41003999255952384
Solyc12g040640,-0.8142206101190474,-0.40904017857142866,True,0.40904017857142866
Solyc03g120890,-0.4080984933035714,-0.6122116815476191,True,0.4080984933035714
Solyc11g007540,-0.40771484375000006,-0.5330403645833333,True,0.40771484375000006
Solyc12g055840,-0.40568033854166674,-0.5042724609375,True,0.40568033854166674
Solyc10g054840,-0.5256696428571429,-0.40545944940476203,True,0.40545944940476203
Solyc05g055400,-0.496640159970238,-0.4050292968750001,True,0.4050292968750001
Solyc11g044910,0.49376860119047616,0.4049711681547619,True,0.4049711681547619
Solyc07g054800,0.8856026785714286,0.404727027529762,True,0.404727027529762
Solyc05g054330,-0.4040411086309525,-0.42358979724702384,True,0.4040411086309525
Solyc02g067320,-0.4037969680059524,-0.46041434151785704,True,0.4037969680059524
Solyc01g099630,-0.4528459821428573,-0.4036574590773811,True,0.4036574590773811
Solyc08g075490,-0.6520879836309526,-0.4034598214285715,True,0.4034598214285715
Solyc03g121720,-0.4033551897321428,-0.7121930803571429,True,0.4033551897321428
Solyc03g112130,-0.4025646391369048,-0.5844959077380952,True,0.4025646391369048
Solyc08g076520,-0.40469215029761896,-0.40115792410714296,True,0.40115792410714296
Solyc01g108880,0.4735630580357143,0.3986235119047619,True,0.3986235119047619
Solyc02g077790,0.5277506510416666,0.39827473958333315,True,0.39827473958333315
Solyc05g054090,-0.45861235119047594,-0.39792596726190477,True,0.39792596726190477
Solyc08g066430,0.45886811755952395,0.3976004464285713,True,0.3976004464285713
Solyc01g099660,0.5013718377976191,0.3955659412202382,True,0.3955659412202382
Solyc07g041640,-0.5654761904761906,-0.3939557756696428,True,0.3939557756696428
Solyc06g009190,-0.4758765811011905,-0.393798828125,True,0.393798828125
Solyc02g077330,-0.45059058779761907,-0.393159412202381,True,0.393159412202381
Solyc07g063350,-0.5208449590773809,-0.39299665178571436,True,0.39299665178571436
Solyc07g061970,-0.4752720424107143,-0.39242699032738104,True,0.39242699032738104
Solyc12g088350,0.4234444754464286,0.3899507068452382,True,0.3899507068452382
Solyc06g084030,-0.5620233444940477,-0.38945661272321425,True,0.38945661272321425
Solyc06g074260,-0.43117559523809523,-0.38709077380952395,True,0.38709077380952395
Solyc02g092120,0.45625232514880965,0.38585844494047616,True,0.38585844494047616
Solyc02g092110,0.4161551339285715,0.3801153273809524,True,0.3801153273809524
Solyc06g035580,-0.573428199404762,-0.3794759114583334,True,0.3794759114583334
Solyc05g011960,0.5136486235119048,0.3781156994047619,True,0.3781156994047619
Solyc03g118060,0.4217471168154762,0.37799944196428575,True,0.37799944196428575
Solyc05g011970,0.47358630952380965,0.37683686755952384,True,0.37683686755952384
Solyc06g051800,0.5537225632440477,0.37612769717261907,True,0.37612769717261907
Solyc06g074000,-0.6530412946428571,-0.3751511346726191,True,0.3751511346726191
Solyc09g075140,-0.46477399553571425,-0.3699893043154762,True,0.3699893043154762
Solyc03g118100,0.5835077194940477,0.36928594680059523,True,0.36928594680059523
Solyc06g072700,-0.41801525297619047,-0.36910574776785715,True,0.36910574776785715
Solyc08g006310,-0.4141206287202382,-0.36724562872023814,True,0.36724562872023814
Solyc06g064900,0.4585309709821429,0.36525762648809523,True,0.36525762648809523
Solyc09g065670,-0.42561848958333354,-0.3639090401785714,True,0.3639090401785714
Solyc05g015360,0.40644182477678575,0.36389741443452384,True,0.36389741443452384
Solyc06g072650,0.5408296130952381,0.3630777994791667,True,0.3630777994791667
Solyc02g021680,0.4929315476190475,0.3617117745535714,True,0.3617117745535714
Solyc10g018780,-0.47722516741071436,-0.3610200427827381,True,0.3610200427827381
Solyc10g011950,-0.6425548735119048,-0.35920642671130953,True,0.35920642671130953
Solyc09g007940,-0.43931361607142855,-0.35681733630952384,True,0.35681733630952384
Solyc02g078040,-0.4080636160714285,-0.3559221540178572,True,0.3559221540178572
Solyc11g011210,0.4472423735119048,0.35575939360119047,True,0.35575939360119047
Solyc06g053950,0.4723772321428572,0.3536958240327381,True,0.3536958240327381
Solyc01g096740,0.4270135788690477,0.35278901599702384,True,0.35278901599702384
Solyc04g076220,0.5775320870535714,0.35031854538690466,True,0.35031854538690466
Solyc10g085830,0.4408017113095237,0.34987676711309534,True,0.34987676711309534
Solyc08g069010,-0.6010393415178571,-0.34936523437500006,True,0.34936523437500006
Solyc11g012860,-0.4114699590773809,-0.34826078869047633,True,0.34826078869047633
Solyc10g081010,-0.4390752883184524,-0.34563337053571447,True,0.34563337053571447
Solyc02g070890,0.5818684895833335,0.34396507626488093,True,0.34396507626488093
Solyc12g014570,-0.6231282552083335,-0.3428722563244048,True,0.3428722563244048
Solyc08g014130,0.478701636904762,0.3422154017857142,True,0.3422154017857142
Solyc01g109790,-0.5250186011904763,-0.341738746279762,True,0.341738746279762
Solyc01g108400,0.5456659226190477,0.3414190383184524,True,0.3414190383184524
Solyc06g061170,0.41937546502976186,0.3407156808035714,True,0.3407156808035714
Solyc09g015000,0.4029366629464286,0.33937290736607156,True,0.33937290736607156
Solyc04g082120,0.44062732514880965,0.3382917131696428,True,0.3382917131696428
Solyc08g007890,0.5513160342261907,0.3379138764880952,True,0.3379138764880952
Solyc06g068900,0.5066615513392856,0.3365129743303572,True,0.3365129743303572
Solyc11g006020,-0.5436314174107144,-0.33475748697916663,True,0.33475748697916663
Solyc02g070020,0.5411667596726191,0.3343447730654763,True,0.3343447730654763
Solyc06g051150,0.5607910156250001,0.33385067894345244,True,0.33385067894345244
Solyc03g120290,-0.48523530505952384,-0.3336704799107144,True,0.3336704799107144
Solyc12g011450,-0.4740164620535715,-0.33301943824404756,True,0.33301943824404756
Solyc01g109500,-0.4112723214285714,-0.3327287946428571,True,0.3327287946428571
Solyc04g071590,0.5196242559523809,0.3322986421130952,True,0.3322986421130952
Solyc03g026210,-0.4304082961309524,-0.3300258091517858,True,0.3300258091517858
Solyc03g117630,0.431489490327381,0.3295724051339286,True,0.3295724051339286
Solyc04g012060,-0.47529529389880953,-0.32502673921130953,True,0.32502673921130953
Solyc02g014430,0.4222877139136905,0.3246605282738096,True,0.3246605282738096
Solyc02g088500,-0.40600585937500006,-0.3233003162202381,True,0.3233003162202381
Solyc07g056540,-0.5067313058035715,-0.3231956845238093,True,0.3231956845238093
Solyc05g041430,-0.44068545386904767,-0.32244001116071436,True,0.32244001116071436
Solyc07g008430,-0.5496070498511905,-0.3211728050595239,True,0.3211728050595239
Solyc03g123830,-0.452450706845238,-0.3210391090029763,True,0.3210391090029763
Solyc11g008720,0.4217006138392857,0.3188534691220238,True,0.3188534691220238
Solyc02g070800,-0.4417782738095237,-0.31866164434523814,True,0.31866164434523814
Solyc05g007770,0.4496023995535715,0.31721423921130965,True,0.31721423921130965
Solyc09g005560,0.5317499069940477,0.3167550223214285,True,0.3167550223214285
Solyc11g071980,-0.42976888020833337,-0.31554594494047616,True,0.31554594494047616
Solyc06g006090,-0.5230654761904763,-0.31238374255952384,True,0.31238374255952384
Solyc06g005300,0.41415550595238104,0.31209309895833337,True,0.31209309895833337
Solyc02g084600,-0.47564406622023814,-0.3119768415178571,True,0.3119768415178571
Solyc08g005610,0.4896647135416666,0.3112211681547618,True,0.3112211681547618
Solyc03g114360,0.4378255208333335,0.3109479631696428,True,0.3109479631696428
Solyc08g082250,-0.4323381696428571,-0.3069893973214286,True,0.3069893973214286
Solyc04g081300,-0.48488653273809523,-0.30682663690476186,True,0.30682663690476186
Solyc12g098340,-0.7895856584821428,-0.30644298735119035,True,0.30644298735119035
Solyc12g006520,-0.5703590029761905,-0.30637323288690477,True,0.30637323288690477
Solyc12g009800,-0.5350399925595238,-0.3046526227678571,True,0.3046526227678571
Solyc12g006530,-0.4797595796130952,-0.3040597098214286,True,0.3040597098214286
Solyc12g049520,-0.45514787946428586,-0.30384463355654756,True,0.30384463355654756
Solyc11g056680,-0.5428059895833333,-0.3035539899553572,True,0.3035539899553572
Solyc10g080210,0.8924153645833334,0.3023158482142857,True,0.3023158482142857
Solyc03g078150,-0.4049479166666667,-0.2991303943452381,True,0.2991303943452381
Solyc02g085380,-0.5693359375,-0.29459635416666674,True,0.29459635416666674
Solyc02g085950,-0.6267903645833333,-0.2941196986607143,True,0.2941196986607143
Solyc03g115000,-0.42508370535714285,-0.2937825520833333,True,0.2937825520833333
Solyc05g007120,-0.41495768229166663,-0.2926141648065476,True,0.2926141648065476
Solyc07g043500,-0.47981770833333337,-0.2914399646577381,True,0.2914399646577381
Solyc07g017600,-0.41455078125,-0.289608909970238,True,0.289608909970238
Solyc11g042940,-0.4112025669642857,-0.2895856584821429,True,0.2895856584821429
Solyc09g089750,0.4216889880952381,0.2894170851934524,True,0.2894170851934524
Solyc06g048440,-0.7476981026785714,-0.2870977492559524,True,0.2870977492559524
Solyc01g086920,-0.5659877232142858,-0.28702218191964257,True,0.28702218191964257
Solyc12g013700,0.4827125186011905,0.28549339657738093,True,0.28549339657738093
Solyc07g062550,-0.4413713727678571,-0.28542364211309523,True,0.28542364211309523
Solyc12g011310,0.7006603422619049,0.28172665550595244,True,0.28172665550595244
Solyc07g043460,-0.4239095052083333,-0.2813953218005953,True,0.2813953218005953
Solyc08g063090,-0.5506068638392857,-0.28067452566964285,True,0.28067452566964285
Solyc10g078740,-0.4612978980654762,-0.2788783482142858,True,0.2788783482142858
Solyc11g072310,0.5053129650297619,0.27778552827380953,True,0.27778552827380953
Solyc12g100270,0.4584960937500001,0.27711123511904756,True,0.27711123511904756
Solyc04g064870,0.46723865327380965,0.27497209821428575,True,0.27497209821428575
Solyc02g083380,0.4128882998511906,0.27323986235119035,True,0.27323986235119035
Solyc02g083670,-0.5515718005952382,-0.27310616629464285,True,0.27310616629464285
Solyc11g065350,-0.40159970238095255,-0.27278645833333326,True,0.27278645833333326
Solyc03g098740,0.5283551897321428,0.2682582310267858,True,0.2682582310267858
Solyc03g063730,0.4466029575892856,0.26551455543154767,True,0.26551455543154767
Solyc12g041950,-0.43200102306547616,-0.26527622767857145,True,0.26527622767857145
Solyc05g050290,0.4821893601190475,0.26302083333333315,True,0.26302083333333315
Solyc04g053010,-0.4585425967261905,-0.2624976748511905,True,0.2624976748511905
Solyc07g008210,-0.5699753534226191,-0.26200358072916674,True,0.26200358072916674
Solyc03g116370,-0.46344866071428564,-0.2571905226934524,True,0.2571905226934524
Solyc02g023950,-0.48409598214285726,-0.2563534691220238,True,0.2563534691220238
Solyc11g064910,0.4247058686755953,0.2521623883928572,True,0.2521623883928572
Solyc01g090730,-0.42161923363095244,-0.2517903645833333,True,0.2517903645833333
Solyc12g042010,-0.40816824776785726,-0.251034691220238,True,0.251034691220238
Solyc06g054320,-0.4802362351190476,-0.24937220982142866,True,0.24937220982142866
Solyc07g056700,0.40576171875,0.24647739955357117,True,0.24647739955357117
Solyc07g063600,-0.4616582961309524,-0.24486142113095238,True,0.24486142113095238
Solyc12g055810,-0.434907459077381,-0.2447742280505954,True,0.2447742280505954
Solyc04g009530,-0.4075753348214286,-0.24335007440476192,True,0.24335007440476192
Solyc11g066670,-0.4058430989583333,-0.2430478050595239,True,0.2430478050595239
Solyc03g117690,-0.4142833891369048,-0.2362699962797619,True,0.2362699962797619
Solyc05g014920,0.48304385230654756,0.23514229910714288,True,0.23514229910714288
Solyc02g080160,-0.6037481398809524,-0.22906784784226195,True,0.22906784784226195
Solyc05g009650,0.4614315941220238,0.22835867745535718,True,0.22835867745535718
Solyc02g070940,-0.5336216517857142,-0.22362118675595238,True,0.22362118675595238
Solyc02g092580,0.4799572172619048,0.22012765066964285,True,0.22012765066964285
Solyc11g072040,-0.44484747023809534,-0.21882556733630942,True,0.21882556733630942
Solyc12g017250,0.42543247767857145,0.21791294642857129,True,0.21791294642857129
Solyc02g078950,-0.4782947358630952,-0.21630859374999994,True,0.21630859374999994
Solyc10g086320,-0.4069591703869047,-0.2155064174107143,True,0.2155064174107143
Solyc04g080540,0.41784086681547616,0.2144252232142857,True,0.2144252232142857
Solyc07g065290,0.41817801339285715,0.21353004092261912,True,0.21353004092261912
Solyc02g083450,-0.4221772693452383,-0.20970517113095233,True,0.20970517113095233
Solyc07g007550,-0.42237490699404784,-0.20915876116071425,True,0.20915876116071425
Solyc10g006880,0.418398902529762,0.20789155505952372,True,0.20789155505952372
Solyc07g049300,-0.5483049665178572,-0.20782180059523825,True,0.20782180059523825
Solyc07g056510,0.434023902529762,0.20763578869047622,True,0.20763578869047622
Solyc10g024430,0.5172991071428572,0.1998291015625,True,0.1998291015625
Solyc02g072440,-0.46000162760416674,-0.19940476190476192,True,0.19940476190476192
Solyc11g010690,-0.42208426339285726,-0.19873046875,True,0.19873046875
Solyc01g079240,-0.58251953125,-0.1984514508928571,True,0.1984514508928571
Solyc11g007250,-0.5276343936011907,-0.19766671316964285,True,0.19766671316964285
Solyc09g059170,-0.5386788504464285,-0.1954055059523809,True,0.1954055059523809
Solyc08g075080,-0.5056849888392858,-0.19530668712797622,True,0.19530668712797622
Solyc09g011590,0.5085914248511905,0.1936616443452381,True,0.1936616443452381
Solyc03g121600,-0.46216982886904767,-0.19117373511904762,True,0.19117373511904762
Solyc09g098340,0.4146902901785714,0.1905517578125001,True,0.1905517578125001
Solyc09g074630,-0.5143345424107143,-0.18679664248511907,True,0.18679664248511907
Solyc12g006140,-0.4598679315476192,-0.18202427455357134,True,0.18202427455357134
Solyc02g089140,0.7799944196428571,0.17368280319940485,True,0.17368280319940485
Solyc12g044540,0.4031808035714286,0.17270624069940477,True,0.17270624069940477
Solyc07g056670,0.4076915922619048,0.17071242559523814,True,0.17071242559523814
Solyc07g063850,0.44147600446428575,0.16902669270833331,True,0.16902669270833331
Solyc07g049370,-0.4176897321428571,-0.16027832031250006,True,0.16027832031250006
Solyc04g077620,0.6313709077380951,0.1596505301339286,True,0.1596505301339286
Solyc03g122350,0.5268089657738096,0.1588309151785715,True,0.1588309151785715
Solyc10g083440,-0.4662504650297619,-0.15840076264880942,True,0.15840076264880942
Solyc02g065530,-0.41600399925595244,-0.15493629092261907,True,0.15493629092261907
Solyc12g017530,0.4520786830357142,0.15436662946428592,True,0.15436662946428592
Solyc03g116510,0.45127650669642855,0.15258207775297605,True,0.15258207775297605
Solyc11g005990,0.40263439360119047,0.15170433407738088,True,0.15170433407738088
Solyc12g049030,0.43180338541666674,0.14913504464285715,True,0.14913504464285715
Solyc12g098790,0.45893205915178575,0.14855375744047616,True,0.14855375744047616
Solyc03g005780,-0.4838285900297619,-0.1472923642113096,True,0.1472923642113096
Solyc04g015390,-0.49217587425595244,-0.14507765997023814,True,0.14507765997023814
Solyc09g091670,0.6064569382440477,0.14417085193452384,True,0.14417085193452384
Solyc01g108860,-0.4916643415178572,-0.1404041108630953,True,0.1404041108630953
Solyc10g080540,-0.4162713913690477,-0.1376371837797618,True,0.1376371837797618
Solyc09g092580,-0.5211937313988095,-0.13613164992559526,True,0.13613164992559526
Solyc08g077550,-0.421566917782738,-0.13563755580357145,True,0.13563755580357145
Solyc07g008620,0.49233863467261924,0.13477725074404756,True,0.13477725074404756
Solyc12g096570,0.5442475818452381,0.1345912388392856,True,0.1345912388392856
Solyc10g086710,0.497802734375,0.1334054129464285,True,0.1334054129464285
Solyc10g076710,-0.44541713169642866,-0.13295200892857134,True,0.13295200892857134
Solyc03g045070,-0.4207124255952381,-0.12871442522321436,True,0.12871442522321436
Solyc04g064940,-0.4763532366071429,-0.1272147042410715,True,0.1272147042410715
Solyc12g055970,-0.4757486979166667,-0.12117513020833331,True,0.12117513020833331
Solyc04g015640,-0.4276646205357144,-0.11860584077380953,True,0.11860584077380953
Solyc10g050980,0.7902599516369049,0.11751302083333331,True,0.11751302083333331
Solyc09g011720,-0.44609142485119047,-0.11624000186011907,True,0.11624000186011907
Solyc11g020330,0.44425455729166685,0.1151646205357143,True,0.1151646205357143
Solyc03g118370,-0.4230724516369048,-0.11507161458333343,True,0.11507161458333343
Solyc09g011610,0.4930594308035715,0.11502511160714285,True,0.11502511160714285
Solyc02g083700,-0.42606026785714274,-0.11455426897321441,True,0.11455426897321441
Solyc08g080490,-0.48115466889880953,-0.1136823381696429,True,0.1136823381696429
Solyc02g083840,0.6903948102678572,0.1069859095982143,True,0.1069859095982143
Solyc01g068490,0.4456961495535715,0.10265531994047628,True,0.10265531994047628
Solyc08g066360,-0.41816638764880953,-0.10040573846726192,True,0.10040573846726192
Solyc09g025210,-0.6277204241071428,-0.09862118675595238,True,0.09862118675595238
Solyc12g100250,0.5559663318452382,0.09785970052083326,True,0.09785970052083326
Solyc12g008480,0.46484375,0.09511021205357137,True,0.09511021205357137
Solyc04g016200,-0.4273623511904763,-0.09308733258928559,True,0.09308733258928559
Solyc11g072080,-0.47124953497023814,-0.09137253534226192,True,0.09137253534226192
Solyc10g049230,0.5885184151785715,0.08997163318452384,True,0.08997163318452384
Solyc10g005010,-0.4022158668154763,-0.08462379092261907,True,0.08462379092261907
Solyc06g075720,0.42038690476190477,0.08216494605654759,True,0.08216494605654759
Solyc05g025690,0.5882917131696429,0.07976422991071425,True,0.07976422991071425
Solyc11g008810,-0.41087704613095244,-0.07741001674107145,True,0.07741001674107145
Solyc10g006720,0.40551757812499994,0.07657877604166669,True,0.07657877604166669
Solyc03g083440,0.540283203125,0.07503255208333337,True,0.07503255208333337
Solyc10g009260,0.5907389322916666,0.07464890252976192,True,0.07464890252976192
Solyc07g055690,0.7942243303571429,0.07384672619047616,True,0.07384672619047616
Solyc02g071000,-0.5093470982142858,-0.06936500186011905,True,0.06936500186011905
Solyc04g054740,-0.5145670572916667,-0.06896972656249994,True,0.06896972656249994
Solyc01g081290,-0.4340122767857143,-0.06280808221726192,True,0.06280808221726192
Solyc02g085910,0.48597935267857156,0.05970400855654767,True,0.05970400855654767
Solyc07g054750,0.6946265811011906,0.04491606212797611,True,0.04491606212797611
Solyc12g013680,0.5868443080357143,0.04352097284226189,True,0.04352097284226189
Solyc03g031880,0.46014694940476186,0.042497907366071425,True,0.042497907366071425
Solyc10g076240,0.4798525855654761,0.040817987351190355,True,0.040817987351190355
Solyc12g006660,-0.41284760974702395,-0.04080054873511901,True,0.04080054873511901
Solyc05g047530,0.4293387276785714,0.0383998325892857,True,0.0383998325892857
Solyc05g053640,-0.5072777157738095,-0.037975492931547644,True,0.037975492931547644
Solyc09g031740,0.4792015438988096,0.03636532738095233,True,0.03636532738095233
Solyc10g078160,-0.4584205264136907,-0.03609793526785715,True,0.03609793526785715
Solyc03g112030,0.4331403459821429,0.035929361979166685,True,0.035929361979166685
Solyc03g031630,0.649053664434524,0.033528645833333315,True,0.033528645833333315
Solyc04g016000,0.41439964657738104,0.032528831845238096,True,0.032528831845238096
Solyc06g069380,-0.4364536830357142,-0.03025018601190471,True,0.03025018601190471
Solyc08g066330,-0.40377371651785715,-0.02408854166666663,True,0.02408854166666663
Solyc07g064720,0.45427594866071425,0.024053664434523836,True,0.024053664434523836
Solyc01g095640,0.43598865327380965,0.020513625372023808,True,0.020513625372023808
Solyc07g016170,-0.408144996279762,-0.019234793526785754,True,0.019234793526785754
Solyc08g044260,-0.5851585751488095,-0.014084588913690521,True,0.014084588913690521
Solyc08g077210,0.4087495349702381,0.010434105282738138,True,0.010434105282738138
Solyc02g064830,0.46807570684523814,0.008661179315476275,True,0.008661179315476275
Solyc06g069730,-0.48725818452380953,-0.007707868303571397,True,0.007707868303571397
Solyc02g087470,0.4490443638392858,0.004970005580357151,True,0.004970005580357151
Solyc04g071090,0.43239629836309523,0.0007207961309523836,True,0.0007207961309523836
