gene_id,evidence_layer,assay,effect_direction,context,source_id,source_url,biological_replicates,admission_status,claim_boundary,independent_perturbation_support,binding_replicates,source_peak_count,max_peak_score,min_peak_fdr,replicate_ids
Solyc03g114360,chromatin,RIN_ChIP_chip,binding_only,ripening_tomato_fruit;ITAG2;three_biological_replicates,GSE40257;PMID:23386264,https://www.ncbi.nlm.nih.gov/geo/query/acc.cgi?acc=GSE40257,three_source_reported,admitted,"RIN occupancy only; no regulatory sign, causality, or activation magnitude inferred",false,3,3,2.447484,0.0,GSM989347;GSM989348;GSM989349
Solyc10g006880,chromatin,RIN_ChIP_chip,binding_only,ripening_tomato_fruit;ITAG2;three_biological_replicates,GSE40257;PMID:23386264,https://www.ncbi.nlm.nih.gov/geo/query/acc.cgi?acc=GSE40257,three_source_reported,admitted,"RIN occupancy only; no regulatory sign, causality, or activation magnitude inferred",false,3,4,2.105208,0.0,GSM989347;GSM989348;GSM989349
Solyc02g084600,chromatin,RIN_ChIP_chip,binding_only,ripening_tomato_fruit;ITAG2;three_biological_replicates,GSE40257;PMID:23386264,https://www.ncbi.nlm.nih.gov/geo/query/acc.cgi?acc=GSE40257,three_source_reported,admitted,"RIN occupancy only; no regulatory sign, causality, or activation magnitude inferred",false,3,3,1.855427,0.0,GSM989347;GSM989348;GSM989349
Solyc03g082560,chromatin,RIN_ChIP_chip,binding_only,ripening_tomato_fruit;ITAG2;three_biological_replicates,GSE40257;PMID:23386264,https://www.ncbi.nlm.nih.gov/geo/query/acc.cgi?acc=GSE40257,three_source_reported,admitted,"RIN occupancy only; no regulatory sign, causality, or activation magnitude inferred",false,3,5,1.778781,0.00183,GSM989347;GSM989348;GSM989349
Solyc06g053950,chromatin,RIN_ChIP_chip,binding_only,ripening_tomato_fruit;ITAG2;three_biological_replicates,GSE40257;PMID:23386264,https://www.ncbi.nlm.nih.gov/geo/query/acc.cgi?acc=GSE40257,three_source_reported,admitted,"RIN occupancy only; no regulatory sign, causality, or activation magnitude inferred",false,3,5,1.772439,0.0,GSM989347;GSM989348;GSM989349
Solyc08g080630,chromatin,RIN_ChIP_chip,binding_only,ripening_tomato_fruit;ITAG2;three_biological_replicates,GSE40257;PMID:23386264,https://www.ncbi.nlm.nih.gov/geo/query/acc.cgi?acc=GSE40257,three_source_reported,admitted,"RIN occupancy only; no regulatory sign, causality, or activation magnitude inferred",false,3,3,1.707691,0.00047,GSM989347;GSM989348;GSM989349
Solyc02g083380,chromatin,RIN_ChIP_chip,binding_only,ripening_tomato_fruit;ITAG2;three_biological_replicates,GSE40257;PMID:23386264,https://www.ncbi.nlm.nih.gov/geo/query/acc.cgi?acc=GSE40257,three_source_reported,admitted,"RIN occupancy only; no regulatory sign, causality, or activation magnitude inferred",false,3,3,1.585546,0.00702,GSM989347;GSM989348;GSM989349
Solyc02g088270,chromatin,RIN_ChIP_chip,binding_only,ripening_tomato_fruit;ITAG2;three_biological_replicates,GSE40257;PMID:23386264,https://www.ncbi.nlm.nih.gov/geo/query/acc.cgi?acc=GSE40257,three_source_reported,admitted,"RIN occupancy only; no regulatory sign, causality, or activation magnitude inferred",false,3,5,1.553726,0.01439,GSM989347;GSM989348;GSM989349
Solyc07g042390,chromatin,RIN_ChIP_chip,binding_only,ripening_tomato_fruit;ITAG2;three_biological_replicates,GSE40257;PMID:23386264,https://www.ncbi.nlm.nih.gov/geo/query/acc.cgi?acc=GSE40257,three_source_reported,admitted,"RIN occupancy only; no regulatory sign, causality, or activation magnitude inferred",false,3,3,1.54599,0.00105,GSM989347;GSM989348;GSM989349
Solyc07g063600,chromatin,RIN_ChIP_chip,binding_only,ripening_tomato_fruit;ITAG2;three_biological_replicates,GSE40257;PMID:23386264,https://www.ncbi.nlm.nih.gov/geo/query/acc.cgi?acc=GSE40257,three_source_reported,admitted,"RIN occupancy only; no regulatory sign, causality, or activation magnitude inferred",false,3,3,1.405902,0.01761,GSM989347;GSM989348;GSM989349
Solyc10g079050,chromatin,RIN_ChIP_chip,binding_only,ripening_tomato_fruit;ITAG2;three_biological_replicates,GSE40257;PMID:23386264,https://www.ncbi.nlm.nih.gov/geo/query/acc.cgi?acc=GSE40257,three_source_reported,admitted,"RIN occupancy only; no regulatory sign, causality, or activation magnitude inferred",false,2,2,1.948103,0.0,GSM989347;GSM989349
Solyc04g080250,chromatin,RIN_ChIP_chip,binding_only,ripening_tomato_fruit;ITAG2;three_biological_replicates,GSE40257;PMID:23386264,https://www.ncbi.nlm.nih.gov/geo/query/acc.cgi?acc=GSE40257,three_source_reported,admitted,"RIN occupancy only; no regulatory sign, causality, or activation magnitude inferred",false,2,2,1.929474,0.0,GSM989347;GSM989348
Solyc02g083840,chromatin,RIN_ChIP_chip,binding_only,ripening_tomato_fruit;ITAG2;three_biological_replicates,GSE40257;PMID:23386264,https://www.ncbi.nlm.nih.gov/geo/query/acc.cgi?acc=GSE40257,three_source_reported,admitted,"RIN occupancy only; no regulatory sign, causality, or activation magnitude inferred",false,2,2,1.903314,0.0,GSM989347;GSM989348
Solyc03g118060,chromatin,RIN_ChIP_chip,binding_only,ripening_tomato_fruit;ITAG2;three_biological_replicates,GSE40257;PMID:23386264,https://www.ncbi.nlm.nih.gov/geo/query/acc.cgi?acc=GSE40257,three_source_reported,admitted,"RIN occupancy only; no regulatory sign, causality, or activation magnitude inferred",false,2,2,1.827455,0.0,GSM989347;GSM989349
Solyc01g066740,chromatin,RIN_ChIP_chip,binding_only,ripening_tomato_fruit;ITAG2;three_biological_replicates,GSE40257;PMID:23386264,https://www.ncbi.nlm.nih.gov/geo/query/acc.cgi?acc=GSE40257,three_source_reported,admitted,"RIN occupancy only; no regulatory sign, causality, or activation magnitude inferred",false,2,2,1.783778,0.00059,GSM989347;GSM989349
Solyc08g005770,chromatin,RIN_ChIP_chip,binding_only,ripening_tomato_fruit;ITAG2;three_biological_replicates,GSE40257;PMID:23386264,https://www.ncbi.nlm.nih.gov/geo/query/acc.cgi?acc=GSE40257,three_source_reported,admitted,"RIN occupancy only; no regulatory sign, causality, or activation magnitude inferred",false,2,5,1.718296,0.0,GSM989347;GSM989349
Solyc01g109920,chromatin,RIN_ChIP_chip,binding_only,ripening_tomato_fruit;ITAG2;three_biological_replicates,GSE40257;PMID:23386264,https://www.ncbi.nlm.nih.gov/geo/query/acc.cgi?acc=GSE40257,three_source_reported,admitted,"RIN occupancy only; no regulatory sign, causality, or activation magnitude inferred",false,2,2,1.702693,0.03509,GSM989348;GSM989349
Solyc06g068900,chromatin,RIN_ChIP_chip,binding_only,ripening_tomato_fruit;ITAG2;three_biological_replicates,GSE40257;PMID:23386264,https://www.ncbi.nlm.nih.gov/geo/query/acc.cgi?acc=GSE40257,three_source_reported,admitted,"RIN occupancy only; no regulatory sign, causality, or activation magnitude inferred",false,2,2,1.675761,0.00085,GSM989347;GSM989349
Solyc06g051800,chromatin,RIN_ChIP_chip,binding_only,ripening_tomato_fruit;ITAG2;three_biological_replicates,GSE40257;PMID:23386264,https://www.ncbi.nlm.nih.gov/geo/query/acc.cgi?acc=GSE40257,three_source_reported,admitted,"RIN occupancy only; no regulatory sign, causality, or activation magnitude inferred",false,2,2,1.643535,0.00183,GSM989347;GSM989349
Solyc01g104850,chromatin,RIN_ChIP_chip,binding_only,ripening_tomato_fruit;ITAG2;three_biological_replicates,GSE40257;PMID:23386264,https://www.ncbi.nlm.nih.gov/geo/query/acc.cgi?acc=GSE40257,three_source_reported,admitted,"RIN occupancy only; no regulatory sign, causality, or activation magnitude inferred",false,2,2,1.621957,0.00898,GSM989347;GSM989349
Solyc07g062550,chromatin,RIN_ChIP_chip,binding_only,ripening_tomato_fruit;ITAG2;three_biological_replicates,GSE40257;PMID:23386264,https://www.ncbi.nlm.nih.gov/geo/query/acc.cgi?acc=GSE40257,three_source_reported,admitted,"RIN occupancy only; no regulatory sign, causality, or activation magnitude inferred",false,2,2,1.612652,0.00707,GSM989347;GSM989349
Solyc09g092430,chromatin,RIN_ChIP_chip,binding_only,ripening_tomato_fruit;ITAG2;three_biological_replicates,GSE40257;PMID:23386264,https://www.ncbi.nlm.nih.gov/geo/query/acc.cgi?acc=GSE40257,three_source_reported,admitted,"RIN occupancy only; no regulatory sign, causality, or activation magnitude inferred",false,2,2,1.562742,0.01714,GSM989347;GSM989349
Solyc04g064870,chromatin,RIN_ChIP_chip,binding_only,ripening_tomato_fruit;ITAG2;three_biological_replicates,GSE40257;PMID:23386264,https://www.ncbi.nlm.nih.gov/geo/query/acc.cgi?acc=GSE40257,three_source_reported,admitted,"RIN occupancy only; no regulatory sign, causality, or activation magnitude inferred",false,2,3,1.546358,0.00541,GSM989347;GSM989349
Solyc07g054750,chromatin,RIN_ChIP_chip,binding_only,ripening_tomato_fruit;ITAG2;three_biological_replicates,GSE40257;PMID:23386264,https://www.ncbi.nlm.nih.gov/geo/query/acc.cgi?acc=GSE40257,three_source_reported,admitted,"RIN occupancy only; no regulatory sign, causality, or activation magnitude inferred",false,2,3,1.529952,0.01775,GSM989347;GSM989349
Solyc12g017530,chromatin,RIN_ChIP_chip,binding_only,ripening_tomato_fruit;ITAG2;three_biological_replicates,GSE40257;PMID:23386264,https://www.ncbi.nlm.nih.gov/geo/query/acc.cgi?acc=GSE40257,three_source_reported,admitted,"RIN occupancy only; no regulatory sign, causality, or activation magnitude inferred",false,2,2,1.520089,0.0019,GSM989347;GSM989349
Solyc05g012020,chromatin,RIN_ChIP_chip,binding_only,ripening_tomato_fruit;ITAG2;three_biological_replicates,GSE40257;PMID:23386264,https://www.ncbi.nlm.nih.gov/geo/query/acc.cgi?acc=GSE40257,three_source_reported,admitted,"RIN occupancy only; no regulatory sign, causality, or activation magnitude inferred",false,2,2,1.51907,0.00308,GSM989347;GSM989349
Solyc01g095080,chromatin,RIN_ChIP_chip,binding_only,ripening_tomato_fruit;ITAG2;three_biological_replicates,GSE40257;PMID:23386264,https://www.ncbi.nlm.nih.gov/geo/query/acc.cgi?acc=GSE40257,three_source_reported,admitted,"RIN occupancy only; no regulatory sign, causality, or activation magnitude inferred",false,2,2,1.497191,0.01811,GSM989347;GSM989349
Solyc08g005610,chromatin,RIN_ChIP_chip,binding_only,ripening_tomato_fruit;ITAG2;three_biological_replicates,GSE40257;PMID:23386264,https://www.ncbi.nlm.nih.gov/geo/query/acc.cgi?acc=GSE40257,three_source_reported,admitted,"RIN occupancy only; no regulatory sign, causality, or activation magnitude inferred",false,2,2,1.474557,0.00619,GSM989347;GSM989348
Solyc08g061020,chromatin,RIN_ChIP_chip,binding_only,ripening_tomato_fruit;ITAG2;three_biological_replicates,GSE40257;PMID:23386264,https://www.ncbi.nlm.nih.gov/geo/query/acc.cgi?acc=GSE40257,three_source_reported,admitted,"RIN occupancy only; no regulatory sign, causality, or activation magnitude inferred",false,2,2,1.431913,0.01595,GSM989347;GSM989349
Solyc12g096570,chromatin,RIN_ChIP_chip,binding_only,ripening_tomato_fruit;ITAG2;three_biological_replicates,GSE40257;PMID:23386264,https://www.ncbi.nlm.nih.gov/geo/query/acc.cgi?acc=GSE40257,three_source_reported,admitted,"RIN occupancy only; no regulatory sign, causality, or activation magnitude inferred",false,2,2,1.429442,0.00484,GSM989347;GSM989349
Solyc06g072650,chromatin,RIN_ChIP_chip,binding_only,ripening_tomato_fruit;ITAG2;three_biological_replicates,GSE40257;PMID:23386264,https://www.ncbi.nlm.nih.gov/geo/query/acc.cgi?acc=GSE40257,three_source_reported,admitted,"RIN occupancy only; no regulatory sign, causality, or activation magnitude inferred",false,2,2,1.417951,0.00484,GSM989347;GSM989349
Solyc10g083400,chromatin,RIN_ChIP_chip,binding_only,ripening_tomato_fruit;ITAG2;three_biological_replicates,GSE40257;PMID:23386264,https://www.ncbi.nlm.nih.gov/geo/query/acc.cgi?acc=GSE40257,three_source_reported,admitted,"RIN occupancy only; no regulatory sign, causality, or activation magnitude inferred",false,2,2,1.413946,0.0041,GSM989347;GSM989349
Solyc01g108490,chromatin,RIN_ChIP_chip,binding_only,ripening_tomato_fruit;ITAG2;three_biological_replicates,GSE40257;PMID:23386264,https://www.ncbi.nlm.nih.gov/geo/query/acc.cgi?acc=GSE40257,three_source_reported,admitted,"RIN occupancy only; no regulatory sign, causality, or activation magnitude inferred",false,2,2,1.387383,0.01238,GSM989347;GSM989349
Solyc08g078870,chromatin,RIN_ChIP_chip,binding_only,ripening_tomato_fruit;ITAG2;three_biological_replicates,GSE40257;PMID:23386264,https://www.ncbi.nlm.nih.gov/geo/query/acc.cgi?acc=GSE40257,three_source_reported,admitted,"RIN occupancy only; no regulatory sign, causality, or activation magnitude inferred",false,2,3,1.385485,0.00707,GSM989347;GSM989348
Solyc03g117300,chromatin,RIN_ChIP_chip,binding_only,ripening_tomato_fruit;ITAG2;three_biological_replicates,GSE40257;PMID:23386264,https://www.ncbi.nlm.nih.gov/geo/query/acc.cgi?acc=GSE40257,three_source_reported,admitted,"RIN occupancy only; no regulatory sign, causality, or activation magnitude inferred",false,2,2,1.370591,0.01238,GSM989347;GSM989349
Solyc10g085830,chromatin,RIN_ChIP_chip,binding_only,ripening_tomato_fruit;ITAG2;three_biological_replicates,GSE40257;PMID:23386264,https://www.ncbi.nlm.nih.gov/geo/query/acc.cgi?acc=GSE40257,three_source_reported,admitted,"RIN occupancy only; no regulatory sign, causality, or activation magnitude inferred",false,2,2,1.350188,0.00554,GSM989347;GSM989349
Solyc05g007770,chromatin,RIN_ChIP_chip,binding_only,ripening_tomato_fruit;ITAG2;three_biological_replicates,GSE40257;PMID:23386264,https://www.ncbi.nlm.nih.gov/geo/query/acc.cgi?acc=GSE40257,three_source_reported,admitted,"RIN occupancy only; no regulatory sign, causality, or activation magnitude inferred",false,2,2,1.323327,0.03154,GSM989347;GSM989349
Solyc07g065290,chromatin,RIN_ChIP_chip,binding_only,ripening_tomato_fruit;ITAG2;three_biological_replicates,GSE40257;PMID:23386264,https://www.ncbi.nlm.nih.gov/geo/query/acc.cgi?acc=GSE40257,three_source_reported,admitted,"RIN occupancy only; no regulatory sign, causality, or activation magnitude inferred",false,2,2,1.323202,0.00805,GSM989347;GSM989349
Solyc08g014130,chromatin,RIN_ChIP_chip,binding_only,ripening_tomato_fruit;ITAG2;three_biological_replicates,GSE40257;PMID:23386264,https://www.ncbi.nlm.nih.gov/geo/query/acc.cgi?acc=GSE40257,three_source_reported,admitted,"RIN occupancy only; no regulatory sign, causality, or activation magnitude inferred",false,2,2,1.309178,0.02817,GSM989347;GSM989349
Solyc06g069730,chromatin,RIN_ChIP_chip,binding_only,ripening_tomato_fruit;ITAG2;three_biological_replicates,GSE40257;PMID:23386264,https://www.ncbi.nlm.nih.gov/geo/query/acc.cgi?acc=GSE40257,three_source_reported,admitted,"RIN occupancy only; no regulatory sign, causality, or activation magnitude inferred",false,2,2,1.275117,0.02726,GSM989347;GSM989349
Solyc12g098340,chromatin,RIN_ChIP_chip,binding_only,ripening_tomato_fruit;ITAG2;three_biological_replicates,GSE40257;PMID:23386264,https://www.ncbi.nlm.nih.gov/geo/query/acc.cgi?acc=GSE40257,three_source_reported,admitted,"RIN occupancy only; no regulatory sign, causality, or activation magnitude inferred",false,2,3,1.266077,0.01034,GSM989347;GSM989349
Solyc01g006540,chromatin,RIN_ChIP_chip,binding_only,ripening_tomato_fruit;ITAG2;three_biological_replicates,GSE40257;PMID:23386264,https://www.ncbi.nlm.nih.gov/geo/query/acc.cgi?acc=GSE40257,three_source_reported,admitted,"RIN occupancy only; no regulatory sign, causality, or activation magnitude inferred",false,2,2,1.247659,0.02579,GSM989347;GSM989349
Solyc05g053640,chromatin,RIN_ChIP_chip,binding_only,ripening_tomato_fruit;ITAG2;three_biological_replicates,GSE40257;PMID:23386264,https://www.ncbi.nlm.nih.gov/geo/query/acc.cgi?acc=GSE40257,three_source_reported,admitted,"RIN occupancy only; no regulatory sign, causality, or activation magnitude inferred",false,2,2,1.240619,0.03125,GSM989347;GSM989349
Solyc08g007850,chromatin,RIN_ChIP_chip,binding_only,ripening_tomato_fruit;ITAG2;three_biological_replicates,GSE40257;PMID:23386264,https://www.ncbi.nlm.nih.gov/geo/query/acc.cgi?acc=GSE40257,three_source_reported,admitted,"RIN occupancy only; no regulatory sign, causality, or activation magnitude inferred",false,2,2,1.227354,0.04083,GSM989347;GSM989349
Solyc10g054670,chromatin,RIN_ChIP_chip,binding_only,ripening_tomato_fruit;ITAG2;three_biological_replicates,GSE40257;PMID:23386264,https://www.ncbi.nlm.nih.gov/geo/query/acc.cgi?acc=GSE40257,three_source_reported,admitted,"RIN occupancy only; no regulatory sign, causality, or activation magnitude inferred",false,2,2,1.223608,0.02579,GSM989347;GSM989349
Solyc02g070890,chromatin,RIN_ChIP_chip,binding_only,ripening_tomato_fruit;ITAG2;three_biological_replicates,GSE40257;PMID:23386264,https://www.ncbi.nlm.nih.gov/geo/query/acc.cgi?acc=GSE40257,three_source_reported,admitted,"RIN occupancy only; no regulatory sign, causality, or activation magnitude inferred",false,2,2,1.214461,0.01376,GSM989347;GSM989349
Solyc03g116510,chromatin,RIN_ChIP_chip,binding_only,ripening_tomato_fruit;ITAG2;three_biological_replicates,GSE40257;PMID:23386264,https://www.ncbi.nlm.nih.gov/geo/query/acc.cgi?acc=GSE40257,three_source_reported,admitted,"RIN occupancy only; no regulatory sign, causality, or activation magnitude inferred",false,2,2,1.212805,0.04612,GSM989347;GSM989349
Solyc02g062390,chromatin,RIN_ChIP_chip,binding_only,ripening_tomato_fruit;ITAG2;three_biological_replicates,GSE40257;PMID:23386264,https://www.ncbi.nlm.nih.gov/geo/query/acc.cgi?acc=GSE40257,three_source_reported,admitted,"RIN occupancy only; no regulatory sign, causality, or activation magnitude inferred",false,2,2,1.189953,0.04612,GSM989347;GSM989349
Solyc04g080540,chromatin,RIN_ChIP_chip,binding_only,ripening_tomato_fruit;ITAG2;three_biological_replicates,GSE40257;PMID:23386264,https://www.ncbi.nlm.nih.gov/geo/query/acc.cgi?acc=GSE40257,three_source_reported,admitted,"RIN occupancy only; no regulatory sign, causality, or activation magnitude inferred",false,2,2,1.180115,0.04054,GSM989347;GSM989349
Solyc10g084600,chromatin,RIN_ChIP_chip,binding_only,ripening_tomato_fruit;ITAG2;three_biological_replicates,GSE40257;PMID:23386264,https://www.ncbi.nlm.nih.gov/geo/query/acc.cgi?acc=GSE40257,three_source_reported,admitted,"RIN occupancy only; no regulatory sign, causality, or activation magnitude inferred",false,2,2,1.139221,0.0358,GSM989347;GSM989349
Solyc10g054900,chromatin,RIN_ChIP_chip,binding_only,ripening_tomato_fruit;ITAG2;three_biological_replicates,GSE40257;PMID:23386264,https://www.ncbi.nlm.nih.gov/geo/query/acc.cgi?acc=GSE40257,three_source_reported,below_two_replicate_threshold,"RIN occupancy only; no regulatory sign, causality, or activation magnitude inferred",false,1,1,2.130426,0.01504,GSM989348
Solyc07g063850,chromatin,RIN_ChIP_chip,binding_only,ripening_tomato_fruit;ITAG2;three_biological_replicates,GSE40257;PMID:23386264,https://www.ncbi.nlm.nih.gov/geo/query/acc.cgi?acc=GSE40257,three_source_reported,below_two_replicate_threshold,"RIN occupancy only; no regulatory sign, causality, or activation magnitude inferred",false,1,1,1.996904,0.0,GSM989347
Solyc02g092120,chromatin,RIN_ChIP_chip,binding_only,ripening_tomato_fruit;ITAG2;three_biological_replicates,GSE40257;PMID:23386264,https://www.ncbi.nlm.nih.gov/geo/query/acc.cgi?acc=GSE40257,three_source_reported,below_two_replicate_threshold,"RIN occupancy only; no regulatory sign, causality, or activation magnitude inferred",false,1,2,1.653016,0.0,GSM989347
Solyc01g108400,chromatin,RIN_ChIP_chip,binding_only,ripening_tomato_fruit;ITAG2;three_biological_replicates,GSE40257;PMID:23386264,https://www.ncbi.nlm.nih.gov/geo/query/acc.cgi?acc=GSE40257,three_source_reported,below_two_replicate_threshold,"RIN occupancy only; no regulatory sign, causality, or activation magnitude inferred",false,1,1,1.58558,0.00308,GSM989347
Solyc02g085950,chromatin,RIN_ChIP_chip,binding_only,ripening_tomato_fruit;ITAG2;three_biological_replicates,GSE40257;PMID:23386264,https://www.ncbi.nlm.nih.gov/geo/query/acc.cgi?acc=GSE40257,three_source_reported,below_two_replicate_threshold,"RIN occupancy only; no regulatory sign, causality, or activation magnitude inferred",false,1,1,1.551811,0.0,GSM989347
Solyc05g014280,chromatin,RIN_ChIP_chip,binding_only,ripening_tomato_fruit;ITAG2;three_biological_replicates,GSE40257;PMID:23386264,https://www.ncbi.nlm.nih.gov/geo/query/acc.cgi?acc=GSE40257,three_source_reported,below_two_replicate_threshold,"RIN occupancy only; no regulatory sign, causality, or activation magnitude inferred",false,1,2,1.550718,0.0,GSM989347
Solyc03g116370,chromatin,RIN_ChIP_chip,binding_only,ripening_tomato_fruit;ITAG2;three_biological_replicates,GSE40257;PMID:23386264,https://www.ncbi.nlm.nih.gov/geo/query/acc.cgi?acc=GSE40257,three_source_reported,below_two_replicate_threshold,"RIN occupancy only; no regulatory sign, causality, or activation magnitude inferred",false,1,2,1.533757,0.00387,GSM989347
Solyc12g017250,chromatin,RIN_ChIP_chip,binding_only,ripening_tomato_fruit;ITAG2;three_biological_replicates,GSE40257;PMID:23386264,https://www.ncbi.nlm.nih.gov/geo/query/acc.cgi?acc=GSE40257,three_source_reported,below_two_replicate_threshold,"RIN occupancy only; no regulatory sign, causality, or activation magnitude inferred",false,1,1,1.511124,0.01775,GSM989349
Solyc03g031880,chromatin,RIN_ChIP_chip,binding_only,ripening_tomato_fruit;ITAG2;three_biological_replicates,GSE40257;PMID:23386264,https://www.ncbi.nlm.nih.gov/geo/query/acc.cgi?acc=GSE40257,three_source_reported,below_two_replicate_threshold,"RIN occupancy only; no regulatory sign, causality, or activation magnitude inferred",false,1,1,1.455366,0.02456,GSM989349
Solyc01g099040,chromatin,RIN_ChIP_chip,binding_only,ripening_tomato_fruit;ITAG2;three_biological_replicates,GSE40257;PMID:23386264,https://www.ncbi.nlm.nih.gov/geo/query/acc.cgi?acc=GSE40257,three_source_reported,below_two_replicate_threshold,"RIN occupancy only; no regulatory sign, causality, or activation magnitude inferred",false,1,1,1.414014,0.03545,GSM989349
Solyc10g024430,chromatin,RIN_ChIP_chip,binding_only,ripening_tomato_fruit;ITAG2;three_biological_replicates,GSE40257;PMID:23386264,https://www.ncbi.nlm.nih.gov/geo/query/acc.cgi?acc=GSE40257,three_source_reported,below_two_replicate_threshold,"RIN occupancy only; no regulatory sign, causality, or activation magnitude inferred",false,1,1,1.392381,0.02831,GSM989349
Solyc12g011310,chromatin,RIN_ChIP_chip,binding_only,ripening_tomato_fruit;ITAG2;three_biological_replicates,GSE40257;PMID:23386264,https://www.ncbi.nlm.nih.gov/geo/query/acc.cgi?acc=GSE40257,three_source_reported,below_two_replicate_threshold,"RIN occupancy only; no regulatory sign, causality, or activation magnitude inferred",false,1,2,1.307277,0.00707,GSM989347
Solyc03g122130,chromatin,RIN_ChIP_chip,binding_only,ripening_tomato_fruit;ITAG2;three_biological_replicates,GSE40257;PMID:23386264,https://www.ncbi.nlm.nih.gov/geo/query/acc.cgi?acc=GSE40257,three_source_reported,below_two_replicate_threshold,"RIN occupancy only; no regulatory sign, causality, or activation magnitude inferred",false,1,1,1.293659,0.03154,GSM989349
Solyc07g056670,chromatin,RIN_ChIP_chip,binding_only,ripening_tomato_fruit;ITAG2;three_biological_replicates,GSE40257;PMID:23386264,https://www.ncbi.nlm.nih.gov/geo/query/acc.cgi?acc=GSE40257,three_source_reported,below_two_replicate_threshold,"RIN occupancy only; no regulatory sign, causality, or activation magnitude inferred",false,1,1,1.288325,0.00694,GSM989347
Solyc10g051120,chromatin,RIN_ChIP_chip,binding_only,ripening_tomato_fruit;ITAG2;three_biological_replicates,GSE40257;PMID:23386264,https://www.ncbi.nlm.nih.gov/geo/query/acc.cgi?acc=GSE40257,three_source_reported,below_two_replicate_threshold,"RIN occupancy only; no regulatory sign, causality, or activation magnitude inferred",false,1,2,1.288262,0.01161,GSM989347
Solyc09g065670,chromatin,RIN_ChIP_chip,binding_only,ripening_tomato_fruit;ITAG2;three_biological_replicates,GSE40257;PMID:23386264,https://www.ncbi.nlm.nih.gov/geo/query/acc.cgi?acc=GSE40257,three_source_reported,below_two_replicate_threshold,"RIN occupancy only; no regulatory sign, causality, or activation magnitude inferred",false,1,1,1.274869,0.03862,GSM989349
Solyc06g075720,chromatin,RIN_ChIP_chip,binding_only,ripening_tomato_fruit;ITAG2;three_biological_replicates,GSE40257;PMID:23386264,https://www.ncbi.nlm.nih.gov/geo/query/acc.cgi?acc=GSE40257,three_source_reported,below_two_replicate_threshold,"RIN occupancy only; no regulatory sign, causality, or activation magnitude inferred",false,1,1,1.197837,0.03862,GSM989349
Solyc02g070020,chromatin,RIN_ChIP_chip,binding_only,ripening_tomato_fruit;ITAG2;three_biological_replicates,GSE40257;PMID:23386264,https://www.ncbi.nlm.nih.gov/geo/query/acc.cgi?acc=GSE40257,three_source_reported,below_two_replicate_threshold,"RIN occupancy only; no regulatory sign, causality, or activation magnitude inferred",false,1,1,1.189953,0.04612,GSM989349
Solyc02g083700,chromatin,RIN_ChIP_chip,binding_only,ripening_tomato_fruit;ITAG2;three_biological_replicates,GSE40257;PMID:23386264,https://www.ncbi.nlm.nih.gov/geo/query/acc.cgi?acc=GSE40257,three_source_reported,below_two_replicate_threshold,"RIN occupancy only; no regulatory sign, causality, or activation magnitude inferred",false,1,1,1.180726,0.03815,GSM989347
Solyc10g009260,chromatin,RIN_ChIP_chip,binding_only,ripening_tomato_fruit;ITAG2;three_biological_replicates,GSE40257;PMID:23386264,https://www.ncbi.nlm.nih.gov/geo/query/acc.cgi?acc=GSE40257,three_source_reported,below_two_replicate_threshold,"RIN occupancy only; no regulatory sign, causality, or activation magnitude inferred",false,1,1,1.162578,0.01119,GSM989347
Solyc07g051950,chromatin,RIN_ChIP_chip,binding_only,ripening_tomato_fruit;ITAG2;three_biological_replicates,GSE40257;PMID:23386264,https://www.ncbi.nlm.nih.gov/geo/query/acc.cgi?acc=GSE40257,three_source_reported,below_two_replicate_threshold,"RIN occupancy only; no regulatory sign, causality, or activation magnitude inferred",false,1,1,1.159493,0.01372,GSM989347
Solyc07g062670,chromatin,RIN_ChIP_chip,binding_only,ripening_tomato_fruit;ITAG2;three_biological_replicates,GSE40257;PMID:23386264,https://www.ncbi.nlm.nih.gov/geo/query/acc.cgi?acc=GSE40257,three_source_reported,below_two_replicate_threshold,"RIN occupancy only; no regulatory sign, causality, or activation magnitude inferred",false,1,1,1.159493,0.01372,GSM989347
Solyc10g006720,chromatin,RIN_ChIP_chip,binding_only,ripening_tomato_fruit;ITAG2;three_biological_replicates,GSE40257;PMID:23386264,https://www.ncbi.nlm.nih.gov/geo/query/acc.cgi?acc=GSE40257,three_source_reported,below_two_replicate_threshold,"RIN occupancy only; no regulatory sign, causality, or activation magnitude inferred",false,1,1,1.131157,0.03175,GSM989347
Solyc06g069430,chromatin,RIN_ChIP_chip,binding_only,ripening_tomato_fruit;ITAG2;three_biological_replicates,GSE40257;PMID:23386264,https://www.ncbi.nlm.nih.gov/geo/query/acc.cgi?acc=GSE40257,three_source_reported,below_two_replicate_threshold,"RIN occupancy only; no regulatory sign, causality, or activation magnitude inferred",false,1,1,1.127916,0.0,GSM989347
Solyc01g109180,chromatin,RIN_ChIP_chip,binding_only,ripening_tomato_fruit;ITAG2;three_biological_replicates,GSE40257;PMID:23386264,https://www.ncbi.nlm.nih.gov/geo/query/acc.cgi?acc=GSE40257,three_source_reported,below_two_replicate_threshold,"RIN occupancy only; no regulatory sign, causality, or activation magnitude inferred",false,1,1,1.090086,0.02721,GSM989347
Solyc09g059170,chromatin,RIN_ChIP_chip,binding_only,ripening_tomato_fruit;ITAG2;three_biological_replicates,GSE40257;PMID:23386264,https://www.ncbi.nlm.nih.gov/geo/query/acc.cgi?acc=GSE40257,three_source_reported,below_two_replicate_threshold,"RIN occupancy only; no regulatory sign, causality, or activation magnitude inferred",false,1,1,1.069245,0.04217,GSM989349
Solyc12g088220,chromatin,RIN_ChIP_chip,binding_only,ripening_tomato_fruit;ITAG2;three_biological_replicates,GSE40257;PMID:23386264,https://www.ncbi.nlm.nih.gov/geo/query/acc.cgi?acc=GSE40257,three_source_reported,below_two_replicate_threshold,"RIN occupancy only; no regulatory sign, causality, or activation magnitude inferred",false,1,1,1.064063,0.03815,GSM989347
Solyc12g088350,chromatin,RIN_ChIP_chip,binding_only,ripening_tomato_fruit;ITAG2;three_biological_replicates,GSE40257;PMID:23386264,https://www.ncbi.nlm.nih.gov/geo/query/acc.cgi?acc=GSE40257,three_source_reported,below_two_replicate_threshold,"RIN occupancy only; no regulatory sign, causality, or activation magnitude inferred",false,1,1,1.033661,0.02184,GSM989347
Solyc08g081790,chromatin,RIN_ChIP_chip,binding_only,ripening_tomato_fruit;ITAG2;three_biological_replicates,GSE40257;PMID:23386264,https://www.ncbi.nlm.nih.gov/geo/query/acc.cgi?acc=GSE40257,three_source_reported,below_two_replicate_threshold,"RIN occupancy only; no regulatory sign, causality, or activation magnitude inferred",false,1,1,0.966618,0.0192,GSM989347
Solyc03g031860,chromatin,RIN_ChIP_chip,binding_only,ripening_tomato_fruit;ITAG2;three_biological_replicates,GSE40257;PMID:23386264,https://www.ncbi.nlm.nih.gov/geo/query/acc.cgi?acc=GSE40257,three_source_reported,below_two_replicate_threshold,"RIN occupancy only; no regulatory sign, causality, or activation magnitude inferred",false,1,1,0.94636,0.00987,GSM989347
