gene_id,effect_source_a,protein_description,protein_log2_BR8_vs_MG,protein_measured,protein_de_log2_ratio,protein_de_p,protein_de_fdr,phosphosite_de_count,phosphosite_max_abs_log2_ratio,phosphosite_representative_log2_ratio,phosphosite_min_fdr,phosphosite_ids,protein_differential_BR8_vs_MG,phosphosite_differential_BR8_vs_MG
Solyc00g060810,0.9264322916666669,Major latex-like protein  IPR000916  Bet v I allergen,4.546408357106287,True,4.633308333049806,2.60679039738498e-10,1.54667243337501e-09,,,,,,True,False
Solyc10g007600,-0.8172781808035714,"L-lactate dehydrogenase   IPR012133  Alpha-hydroxy acid dehydrogenase, FMN-dependent",-2.9467960226179515,True,-2.9494746054105576,1.27009013921795e-16,1.26832333580093e-14,2.0,2.5215056311547697,2.5215056311547697,5.04121205035685e-11,Solyc10g007600.2.1_S365;Solyc10g007600.2.1_T159,True,True
Solyc03g121180,-0.7310500372023809,"GDSL esterase_lipase At5g22810  IPR001087  Lipase, GDSL",-2.3685960326987905,True,-2.366902690136677,6.53026168008149e-15,2.46982833244954e-13,,,,,,True,False
Solyc11g010960,-0.7101585751488095,"Alcohol dehydrogenase  IPR002085  Alcohol dehydrogenase superfamily, zinc-containing",-3.357470476382516,True,-3.3578823507518263,3.74573140435098e-18,1.40873045939954e-15,3.0,2.0586512954573015,2.0586512954573015,2.07159697311163e-10,Solyc11g010960.1.1_S4;Solyc11g010960.1.1_T26,True,True
Solyc10g054900,-0.7546851748511905,,,,,,,,,,,,,
Solyc09g083190,-0.7066476004464286,,,,,,,,,,,,,
Solyc03g007780,0.7007649739583335,,,,,,,,,,,,,
Solyc06g071290,-0.7240513392857143,Betaine aldehyde dehydrogenase  IPR015590  Aldehyde dehydrogenase,-1.2957506388672697,True,-1.2968238348412404,6.25378624344346e-13,9.37329715543431e-12,,,,,,True,False
Solyc08g005770,0.8120465959821429,Alcohol acetyltransferase  IPR003480  Transferase,2.930122717526551,True,2.9303470393013704,1.04570884974075e-17,2.65677540304307e-15,2.0,1.0958668802283147,-1.0958668802283147,3.02260631850803e-08,Solyc08g005770.2.1_S203;Solyc08g005770.2.1_S204,True,True
Solyc02g065260,0.6795538039434523,,,,,,,,,,,,,
Solyc12g088220,0.7594459170386907,Branched-chain-amino-acid aminotransferase  IPR005786  Branched-chain amino acid aminotransferase II,2.0293790053079395,True,2.0291302830870275,4.66325719895285e-15,1.88395590837695e-13,1.0,2.0712392920293388,-2.0712392920293388,1.27996299095885e-10,Solyc12g088220.1.1_S219,True,True
Solyc02g089080,-0.7334333147321428,Rapid alkalinization factor 5,1.0114022661852233,True,1.05769983569929,1.34598111817876e-05,2.67990147364984e-05,,,,,,True,False
Solyc05g005550,-0.6761997767857144,BURP domain-containing protein (Fragment)  IPR004873  BURP,-0.058680873650367484,True,,,,,,,,,False,False
Solyc11g006250,-0.6651088169642858,"GDSL esterase_lipase At5g33370  IPR001087  Lipase, GDSL",-0.2799516227531534,True,,,,,,,,,False,False
Solyc01g110000,-0.6554478236607143,"Beta-galactosidase  IPR001944  Glycoside hydrolase, family 35",-0.09763714459294355,True,,,,,,,,,False,False
Solyc02g063030,-0.6543433779761905,,,,,,,,,,,,,
Solyc07g053540,-0.6821172805059526,Fasciclin-like arabinogalactan protein 4  IPR000782  FAS1 domain,-0.9518809857650802,True,-0.9517856083976697,8.49367885752926e-12,8.14366965325999e-11,,,,,,True,False
Solyc01g095080,0.6965680803571429,,,,,,,,,,,,,
Solyc01g107730,-0.6377766927083334,,,,,,,,,,,,,
Solyc09g014350,-0.6325218563988095,Glycerol-3-phosphate acyltransferase 6  IPR002123  Phospholipid_glycerol acyltransferase,-2.0035343035533213,True,-1.999422325497126,2.18298481106259e-14,6.18951651443384e-13,,,,,,True,False
Solyc05g012020,0.6180710565476191,"MADS-box transcription factor MADS-MC  IPR002487  Transcription factor, K-box",1.5279077610008962,True,1.5290801523792745,1.63797782168309e-15,8.27178799949964e-14,3.0,1.2163804734448238,1.2163804734448238,1.15110019322502e-09,Solyc05g012020.2.1_S84;Solyc05g012020.2.1_T83,True,True
Solyc01g108490,-0.7807965959821428,"Serine carboxypeptidase 1  IPR001563  Peptidase S10, serine carboxypeptidase",-1.298670563998814,True,-1.298825471540988,4.70834557761518e-13,7.31604466675591e-12,,,,,,True,False
Solyc10g084600,0.6166178385416667,"Plant-specific domain TIGR01589 family protein  IPR006476  Conserved hypothetical protein CHP01589, plant",1.1960871131530975,True,1.1967558213466132,3.02709957584412e-11,2.36007552895636e-10,,,,,,True,False
Solyc01g080280,-0.6291736421130953,"Glutamine synthetase  IPR008146  Glutamine synthetase, catalytic region",-0.4634206153351707,True,,,,,,,,,False,False
Solyc05g014280,0.6077008928571428,Heat shock protein  IPR002068  Heat shock protein Hsp20,3.113819182491569,True,3.1134118211089494,2.7882936946713e-18,1.18011211229707e-15,,,,,,True,False
Solyc02g067750,0.6055152529761905,Carbonic anhydrase  IPR001765  Carbonic anhydrase,3.121831500476911,True,3.115982339368049,4.09568651551654e-15,1.72523515402421e-13,,,,,,True,False
Solyc01g099040,0.5985979352678573,"GDSL esterase_lipase At5g03980  IPR001087  Lipase, GDSL",2.8759959306876572,True,2.876882570727886,1.13588507330824e-17,2.65677540304307e-15,,,,,,True,False
Solyc04g074110,-0.6375674293154763,,,,,,,,,,,,,
Solyc03g120570,0.5961914062500001,,,,,,,,,,,,,
Solyc01g080410,0.6901739211309523,Peptide methionine sulfoxide reductase msrB  IPR002579  Methionine sulphoxide reductase B,2.0829085830173852,True,2.085373029305293,1.9393719355074e-15,9.47095481471968e-14,1.0,1.3620613510275164,-1.3620613510275164,1.47415788782572e-08,Solyc01g080410.2.1_S132,True,True
Solyc08g081790,0.5942499069940477,Dirigent protein  IPR004265  Plant disease resistance response protein,1.2534233726440538,True,1.2521916681633782,1.62580192125718e-11,1.40702312328469e-10,,,,,,True,False
Solyc05g014000,-0.5887858072916667,Pectate lyase  IPR002022  Pectate lyase_Amb allergen,-2.4713495990627736,True,-2.463349937595824,1.49991924122082e-13,2.8093436703092e-12,,,,,,True,False
Solyc07g051950,0.5867164248511905,,,,,,,,,,,,,
Solyc08g007240,-0.6346726190476192,,,,,,,,,,,,,
Solyc05g053310,-0.596923828125,Stress responsive A_B barrel domain family protein  IPR013097  Stress responsive alpha-beta barrel,-1.2865429385538834,True,-1.2837550710906744,7.98821992834176e-12,7.72571259228526e-11,,,,,,True,False
Solyc10g047240,-0.5831240699404762,"Annexin  IPR009118  Annexin, type plant",-1.3909984979374705,True,-1.3916759334123547,4.50427131704317e-12,4.75462749000946e-11,,,,,,True,False
Solyc01g109920,0.6038876488095237,Dehydrin  IPR000167  Dehydrin,2.212159536810772,True,2.2108779297605583,5.54466492576419e-16,3.67768521344717e-14,,,,,,True,False
Solyc08g061020,-0.5768926711309526,,,,,,,,,,,,,
Solyc10g044680,-0.5735444568452381,,,,,,,,,,,,,
Solyc09g061890,-0.5695917038690477,,,,,,,,,,,,,
Solyc08g066240,0.5690976097470238,Decarboxylase family protein  IPR002129  Pyridoxal phosphate-dependent decarboxylase,3.9478164933546,True,3.9485134304714062,3.63657572554461e-20,1.61609425243202e-16,8.0,3.6187767735811205,-3.6187767735811205,8.77159935282956e-12,Solyc08g066240.2.1_S23;Solyc08g066240.2.1_S31;Solyc08g066240.2.1_S42;Solyc08g066240.2.1_S432;Solyc08g066240.2.1_T14;S23,True,True
Solyc01g074030,-0.5633486793154763,"Beta-glucosidase 01  IPR013781  Glycoside hydrolase, subgroup, catalytic core",-0.43324589966680155,True,,,,,,,,,False,False
Solyc02g083680,-0.6186058407738096,,,,,,,,,,,,,
Solyc08g005630,0.6587611607142858,Glucose-methanol-choline oxidoreductase  IPR012400  Long-chain fatty alcohol dehydrogenase,2.4750009566204816,True,2.4742013979769863,4.32160833428319e-17,5.73290371270284e-15,3.0,1.5028142497308825,-1.5028142497308825,3.44070653216879e-10,Solyc08g005630.2.1_S627;Solyc08g005630.2.1_S678,True,True
Solyc10g079050,0.5567452566964286,BHLH transcription factor  IPR011598  Helix-loop-helix DNA-binding,0.11495381189263601,True,,,,6.0,3.346133724232709,3.346133724232709,2.6300444447485e-12,Solyc10g079050.1.1_S131;Solyc10g079050.1.1_S20;Solyc10g079050.1.1_S61;S64;Solyc10g079050.1.1_S64;Solyc10g079050.1.1_T204,False,True
Solyc08g081220,-0.7006370907738095,Cytochrome P450,-2.354746838981814,True,-2.3546931739710915,7.32612229539884e-15,2.72445920341024e-13,,,,,,True,False
Solyc01g104900,-0.5545247395833333,NAC domain protein IPR003441 protein,-1.0226077509639375,True,-1.0244090767654683,2.98401102034871e-11,2.32852413949599e-10,,,,,,True,False
Solyc03g007930,-0.7803838820684526,,,,,,,,,,,,,
Solyc07g022900,-0.5523042224702381,"Chlorophyll a-b binding protein 4, chloroplastic  IPR001344  Chlorophyll A-B binding protein",-1.254545486369529,True,-1.2553807905006937,4.37004896768549e-12,4.64894555988412e-11,,,,,,True,False
Solyc03g013340,-0.643705822172619,,,,,,,,,,,,,
Solyc12g015630,-0.5481538318452381,,,,,,,,,,,,,
Solyc10g018140,0.5970865885416666,,,,,,,,,,,,,
Solyc10g080390,-0.5476539248511906,Serine_threonine protein kinase  IPR002290  Serine_threonine protein kinase,0.24571547100934238,True,,,,1.0,2.1895648714945812,-2.1895648714945812,1.04136816759176e-09,Solyc10g080390.1.1_S409,False,True
Solyc04g080250,0.5977957589285716,,,,,,,,,,,,,
Solyc09g072560,-0.7235979352678571,,,,,,,,,,,,,
Solyc02g088270,0.543829055059524,Genomic DNA chromosome 5 P1 clone MUL8  IPR018971  Protein of unknown function DUF1997,1.7308090301418753,True,1.7281637811422212,2.1008398257224e-13,3.65842304733213e-12,,,,,,True,False
Solyc03g117300,-0.5705450148809523,Nodulin-like protein  IPR010658  Nodulin-like,-0.2086911104947403,True,,,,,,,,,False,False
Solyc04g077640,0.5630580357142858,"Serine carboxypeptidase 1  IPR001563  Peptidase S10, serine carboxypeptidase",0.20555357789121473,True,,,,,,,,,False,False
Solyc08g066260,0.5417945498511906,,,,,,,,,,,,,
Solyc12g008430,0.75732421875,"Malic enzyme  IPR012302  Malic enzyme, NAD-binding",1.9826511963038709,True,1.9819655465269508,2.47358621030175e-16,2.0169939667121e-14,3.0,1.8160696753772847,1.8160696753772847,1.29005230880777e-08,Solyc12g008430.1.1_S16,True,True
Solyc02g091920,-0.5726376488095238,Xyloglucan endotransglucosylase_hydrolase 2  IPR016455  Xyloglucan endotransglucosylase_hydrolase,-1.6202070131104536,True,-1.620698271591224,5.44222820770586e-11,3.94217802038221e-10,,,,,,True,False
Solyc05g010320,-0.5304129464285715,,,,,,,,,,,,,
Solyc02g081600,-0.5266229538690477,,,,,,,,,,,,,
Solyc03g115640,-0.5256231398809523,,,,,,,,,,,,,
Solyc00g156980,-0.5230887276785715,,,,,,,,,,,,,
Solyc01g108730,0.5173572358630951,,,,,,,,,,,,,
Solyc02g088100,-0.5166596912202381,"Expansin  IPR007112  Expansin 45, endoglucanase-like  IPR007117  Pollen allergen_expansin, C-terminal",-0.47800034313765116,True,,,,,,,,,False,False
Solyc07g042390,-0.5619187127976191,Pectinesterase  IPR006501  Pectinesterase inhibitor,-0.3593190947548446,True,,,,,,,,,False,False
Solyc09g075810,-0.5164039248511905,Blue copper protein  IPR003245  Plastocyanin-like,-1.101552320974693,True,-1.1000218848708987,1.73180094610576e-12,2.16501757732877e-11,,,,,,True,False
Solyc10g080900,0.5162179129464286,3-oxoacyl-reductase  IPR002347  Glucose_ribitol dehydrogenase,2.4162078448479516,True,2.416900030296148,1.21385246631298e-17,2.76633864630508e-15,3.0,1.901082525345014,-1.901082525345014,5.22478962967286e-11,Solyc10g080900.1.1_S120;Solyc10g080900.1.1_S29,True,True
Solyc10g083400,0.5841820126488095,Cytochrome P450,1.9944886714738472,True,1.9971431436508411,1.42784855329455e-15,7.46512820098943e-14,1.0,2.0302299796562187,2.0302299796562187,6.51425062647964e-10,Solyc10g083400.1.1_S483,True,True
Solyc11g022590,-0.5130208333333333,"Kunitz trypsin inhibitor 4 (Fragment)  IPR002160  Proteinase inhibitor I3, Kunitz legume",-2.504590472296269,True,-2.468681895998721,1.52497149395996e-10,9.61272811228097e-10,,,,,,True,False
Solyc11g012880,-0.5070219494047621,,,,,,,,,,,,,
Solyc08g007850,0.5057779947916667,,,,,,,,,,,,,
Solyc12g096870,-0.5050223214285715,UDP-glucosyltransferase 1  IPR002213  UDP-glucuronosyl_UDP-glucosyltransferase,-2.070770880708901,True,-2.0708060684680802,1.12196948743199e-17,2.65677540304307e-15,,,,,,True,False
Solyc02g062390,0.5019414992559526,Unknown Protein  IPR000167  Dehydrin,1.7068208036333283,True,1.7037862350672692,9.035801621613e-13,1.25681071694673e-11,,,,,,True,False
Solyc01g104850,-0.5013718377976191,"Serine carboxypeptidase F13S12.6  IPR001563  Peptidase S10, serine carboxypeptidase",-0.7738734376834517,True,-0.7724233492171608,2.7237289482953e-07,7.50651252479028e-07,,,,,,True,False
Solyc05g015380,0.5041852678571429,,,,,,,,,,,,,
Solyc01g097770,-0.4983258928571429,Serine_threonine protein kinase  IPR002290  Serine_threonine protein kinase,-1.7088442495540437,True,-1.708973630224807,5.09036694465436e-15,2.00191068159681e-13,27.0,2.1120850896750962,-2.1120850896750962,2.71595556152457e-10,Solyc01g097770.2.1_S106;S110;S117;Solyc01g097770.2.1_S117;Solyc01g097770.2.1_S120;Solyc01g097770.2.1_S132;Solyc01g097770.2.1_S132;S145;Solyc01g097770.2.1_S145;Solyc01g097770.2.1_S312;Solyc01g097770.2.1_S313;Solyc01g097770.2.1_S339;S342;T343;Solyc01g097770.2.1_S342;T343;Solyc01g097770.2.1_S342;T343;T348;Solyc01g097770.2.1_S358;Solyc01g097770.2.1_S376;Solyc01g097770.2.1_S381;Solyc01g097770.2.1_S547;Solyc01g097770.2.1_S7;Solyc01g097770.2.1_T131;Solyc01g097770.2.1_T348;Solyc01g097770.2.1_T78,True,True
Solyc02g005110,-0.6477108909970238,,,,,,,,,,,,,
Solyc12g098490,-0.4973725818452381,Serine hydroxymethyltransferase  IPR001085  Serine hydroxymethyltransferase,-0.8982439700532991,True,-0.8972804820711674,2.82181488551593e-11,2.21949475243058e-10,,,,,,True,False
Solyc06g083070,-0.6175595238095238,,,,,,,,,,,,,
Solyc05g026240,-0.4960356212797618,"LRR receptor-like serine_threonine-protein kinase, RLP",-0.8362044878341324,True,-0.8367353020342901,2.8595855987482e-11,2.24522939944116e-10,,,,,,True,False
Solyc10g051120,0.4945242745535713,,,,,,,,,,,,,
Solyc01g080680,-0.6652599516369049,,,,,,,,,,,,,
Solyc02g065350,-0.4933965773809524,,,,,,,,,,,,,
Solyc03g071570,-0.4904552641369047,,,,,,,,,,,,,
Solyc05g012510,-0.4895600818452379,Phosphorylase  IPR011833  Glycogen_starch_alpha-glucan phosphorylase,-1.0112968865957352,True,-1.011034897028637,2.90478437351634e-10,1.70209073315497e-09,,,,,,True,False
Solyc09g066060,0.6534656343005953,,,,,,,,,,,,,
Solyc02g065280,0.4888974144345238,Methyl jasmonate esterase  IPR000073  Alpha_beta hydrolase fold-1,2.5046301843140335,True,2.5044158998970922,1.54059146446429e-13,2.86894198347351e-12,,,,,,True,False
Solyc03g112760,-0.5820428757440476,,,,,,,,,,,,,
Solyc04g064620,-0.5682779947916667,,,,,,,,,,,,,
Solyc01g058270,-0.4870954241071428,,,,,,,,,,,,,
Solyc05g018510,-0.5817173549107144,ABC transporter G family member 32  IPR013525  ABC-2 type transporter,-0.6968143632532365,True,-0.6982313193946128,6.15504242991986e-06,1.30190426266367e-05,4.0,2.1956103323938736,-2.1956103323938736,2.56166990480155e-09,Solyc05g018510.2.1_S12;S14;Solyc05g018510.2.1_S14;Solyc05g018510.2.1_S799;Solyc05g018510.2.1_S799;S804,True,True
Solyc10g024420,0.5718877883184524,"ABC transporter C family member 9  IPR001140  ABC transporter, transmembrane region",0.9963158368240315,True,0.9978780931050932,1.09328451900166e-11,1.00279801908016e-10,1.0,0.7899054749629658,0.7899054749629658,4.69608982784701e-07,Solyc10g024420.1.1_S869,True,True
Solyc12g009930,-0.4828287760416667,UDP-glucuronosyltransferase 1-6  IPR002213  UDP-glucuronosyl_UDP-glucosyltransferase,-2.1062056120957715,True,-2.105690506463262,5.44228356464943e-14,1.22458269171149e-12,,,,,,True,False
Solyc02g063150,-0.5658714657738096,"Ribulose bisphosphate carboxylase small chain  IPR000894  Ribulose bisphosphate carboxylase, small chain",-0.4506677958112792,True,,,,,,,,,False,False
Solyc02g092220,-0.4811662946428571,,,,,,,,,,,,,
Solyc08g067030,-0.5807989211309523,Os01g0611000 protein (Fragment)  IPR006946  Protein of unknown function DUF642,-0.6352728465555676,True,-0.6352458572764856,5.92208488239831e-09,2.40674396135145e-08,,,,,,True,False
Solyc03g113350,-0.4808407738095238,,,,,,,,,,,,,
Solyc07g054860,-0.6162458147321428,,,,,,,,,,,,,
Solyc02g038740,0.5063011532738096,,,,,,,,,,,,,
Solyc01g107890,-0.4799223400297619,,,,,,,,,,,,,
Solyc12g015690,-0.4782249813988095,Fasciclin-like arabinogalactan protein 10  IPR000782  FAS1 domain,-2.523901909183856,True,-2.5237917428681453,1.15633586528518e-16,1.2226881092974e-14,,,,,,True,False
Solyc06g048470,-0.4863048735119047,,,,,,,,,,,,,
Solyc03g006760,-0.4897693452380953,,,,,,,,,,,,,
Solyc12g006470,-0.6501697358630951,Aminotransferase-like protein  IPR005814  Aminotransferase class-III,-1.9403672887600374,True,-1.9404001400667592,2.32120804852583e-16,1.91026825326829e-14,,,,,,True,False
Solyc01g006540,0.47509765625,"Lipoxygenase  IPR001246  Lipoxygenase, plant",2.9989579073111856,True,2.999105655502258,1.46847748540653e-16,1.37387662003087e-14,3.0,2.172748700835691,-2.172748700835691,5.22430742468657e-11,Solyc01g006540.2.1_S249;Solyc01g006540.2.1_S382,True,True
Solyc03g113930,0.5889950706845237,class IV heat shock protein  IPR002068  Heat shock protein Hsp20,2.577785148817826,True,2.576752675529377,4.49569866486882e-16,3.19662157866832e-14,,,,,,True,False
Solyc03g118120,-0.4890950520833333,Transferase transferring glycosyl groups,0.04115694010260949,True,,,,,,,,,False,False
Solyc02g078340,0.5232863653273809,,,,,,,,,,,,,
Solyc10g047030,0.4718075706845238,"Beta-xylosidase 4  IPR001764  Glycoside hydrolase, family 3, N-terminal",0.24182116530586842,True,,,,,,,,,False,False
Solyc12g013710,-0.4703543526785715,Protochlorophyllide reductase  IPR005979  Light-dependent protochlorophyllide reductase,-2.2409901378803863,True,-2.2489704601753315,4.81339337886625e-12,5.03311062957215e-11,,,,,,True,False
Solyc08g080630,0.4701334635416666,"Chymotrypsin inhibitor-2  IPR000864  Proteinase inhibitor I13, potato inhibitor I",1.5791674684067316,True,1.576454651289388,2.55847639630617e-09,1.15254628537097e-08,,,,,,True,False
Solyc06g009770,-0.4699474516369047,,,,,,,,,,,,,
Solyc08g016310,-0.4680524553571429,,,,,,,,,,,,,
Solyc05g015370,0.4659946986607143,,,,,,,,,,,,,
Solyc01g097290,-0.5502174014136905,,,,,,,,,,,,,
Solyc09g031880,-0.5175083705357144,,,,,,,,,,,,,
Solyc01g088400,0.5799153645833333,CER1  IPR006694  Fatty acid hydroxylase,2.8420360298855236,True,2.8424232066790855,4.17627580454063e-16,3.01778368705342e-14,,,,,,True,False
Solyc12g070080,0.4626232328869048,,,,,,,,,,,,,
Solyc10g083670,-0.4623325892857143,"Cellulose synthase-like C2 glycosyltransferase family 2  IPR001173  Glycosyl transferase, family 2",-0.656695258930477,True,-0.6690196594989597,0.00201726073580073,0.00296599064016491,,,,,,True,False
Solyc08g082620,-0.5614943731398809,3-oxoacyl-(Acyl carrier protein) synthase II  IPR017568  3-oxoacyl-(acyl-carrier-protein) synthase 2,-1.4211747400019747,True,-1.422809287516781,2.4044016529376e-13,4.09393139680256e-12,,,,,,True,False
Solyc12g010050,-0.4918619791666666,,,,,,,,,,,,,
Solyc03g031860,0.4908621651785714,Phytoene synthase 1,1.7724613753142566,True,1.7723896275084172,7.93420758122504e-18,2.35064123273093e-15,1.0,1.3779493832751277,-1.3779493832751277,7.83758857346095e-09,Solyc03g031860.2.1_S310,True,True
Solyc04g016330,-0.4580194382440477,Glycerol-3-phosphate dehydrogenase  IPR006168  NAD-dependent glycerol-3-phosphate dehydrogenase,-1.137653327142605,True,-1.1376272673223866,2.87193029001352e-10,1.6874588581273e-09,1.0,0.8267233468178362,-0.8267233468178362,6.09277522502037e-06,Solyc04g016330.2.1_S4,True,True
Solyc07g055050,-0.4804571242559524,,,,,,,,,,,,,
Solyc06g053620,0.4576241629464285,,,,,,,,,,,,,
Solyc12g094640,-0.4572870163690476,Glyceraldehyde-3-phosphate dehydrogenase B  IPR000173  Glyceraldehyde 3-phosphate dehydrogenase,-0.35116368153841465,True,,,,,,,,,False,False
Solyc03g078440,-0.507754371279762,,,,,,,,,,,,,
Solyc05g010700,-0.6749035063244048,,,,,,,,,,,,,
Solyc06g069430,0.5056733630952381,"MADS box transcription factor  IPR002487  Transcription factor, K-box",0.971360050414509,True,0.9713497380250897,2.56498354493676e-13,4.3262786159669e-12,1.0,1.229914492862139,1.229914492862139,1.84094332281458e-08,Solyc06g069430.2.1_S87,True,True
Solyc06g035610,-0.4531482514880953,,,,,,,,,,,,,
Solyc10g080980,-0.4530203683035715,,,,,,,,,,,,,
Solyc07g065540,-0.460600353422619,Fasciclin-like arabinogalactan protein 10  IPR000782  FAS1 domain,-0.26502216040547155,True,,,,,,,,,False,False
Solyc04g054990,-0.452241443452381,"Lipoxygenase homology domain-containing protein 1  IPR001024  Lipoxygenase, LH2",-0.9590018840816517,True,-0.9579066106456793,6.10356415522722e-11,4.33987825693276e-10,,,,,,True,False
Solyc01g094700,-0.5732073102678573,Glycerol-3-phosphate acyltransferase 4  IPR002123  Phospholipid_glycerol acyltransferase,-1.9203655676687168,True,-1.9211524757633642,1.75233686933947e-16,1.52693824457737e-14,,,,,,True,False
Solyc02g070790,-0.468226841517857,3-oxoacyl-(Acyl-carrier-protein) synthase 2  IPR017568  3-oxoacyl-(acyl-carrier-protein) synthase 2,-1.0029806490971094,True,-1.0028037074094756,1.12132126613552e-13,2.21473409186944e-12,1.0,0.7497799525865566,0.7497799525865566,1.63444139592779e-06,Solyc02g070790.2.1_S97,True,True
Solyc10g051020,0.5265183221726191,Cytochrome P450,1.6372707024937925,True,1.639787569656432,1.29006087762491e-12,1.69867571560448e-11,,,,,,True,False
Solyc03g118510,-0.5152064732142858,"Receptor like kinase, RLK",-1.0712104367282433,True,-1.0712916715910148,7.94883799075314e-15,2.89546196974647e-13,2.0,1.325788730950034,-1.325788730950034,1.29744920431567e-09,Solyc03g118510.2.1_S299;Solyc03g118510.2.1_S660,True,True
Solyc07g049440,-0.4472423735119048,"GDSL esterase_lipase At2g04570  IPR001087  Lipase, GDSL",-0.9229212142797276,True,-0.9234022641704817,4.93874257369095e-10,2.7264313040351e-09,,,,,,True,False
Solyc09g083130,-0.4467657180059524,"Peptidase S9 prolyl oligopeptidase active site domain protein  IPR001375  Peptidase S9, prolyl oligopeptidase active site region",-0.912035311758537,True,-0.9126197892157591,2.01716921584389e-12,2.43926530481911e-11,1.0,1.2765261326328776,1.2765261326328776,5.68645629986395e-09,Solyc09g083130.2.1_S620,True,True
Solyc10g075070,-0.6411830357142858,"Non-specific lipid-transfer protein  IPR013770  Plant lipid transfer protein and hydrophobic protein, helical",0.18421418233832332,True,,,,,,,,,False,False
Solyc03g097440,0.4449986049107143,11-beta-hydroxysteroid dehydrogenase-like  IPR002347  Glucose_ribitol dehydrogenase,2.8154542448901645,True,2.8173012787017653,2.07762677825089e-17,3.59830263826647e-15,,,,,,True,False
Solyc02g079490,0.4438244047619047,,,,,,,,,,,,,
Solyc08g014010,0.443545386904762,,,,,,,,,,,,,
Solyc10g054080,-0.4431268601190477,,,,,,,,,,,,,
Solyc05g014300,0.4428478422619046,,,,,,,,,,,,,
Solyc11g006670,-0.4424874441964286,,,,,,,,,,,,,
Solyc12g098600,-0.515415736607143,UDP-glucosyltransferase family 1 protein  IPR002213  UDP-glucuronosyl_UDP-glucosyltransferase,-1.3625917573493413,True,-1.3632167027431805,1.02697716943107e-12,1.4064365303395e-11,,,,,,True,False
Solyc09g011470,0.5013020833333334,Unknown Protein,1.8223309918560782,True,1.8236349315113747,1.87491261216435e-12,2.28904166166439e-11,3.0,1.3865171668494392,-1.3865171668494392,2.60219184370841e-09,Solyc09g011470.2.1_S11;Solyc09g011470.2.1_S66;Solyc09g011470.2.1_S8,True,True
Solyc05g025600,-0.4415341331845238,,,,,,,,,,,,,
Solyc07g007750,-0.4411737351190477,Defensin protein  IPR008177  Gamma Purothionin,0.6330009478481962,True,0.6606302482513768,0.000166817153452866,0.000281288343746742,,,,,,True,False
Solyc07g043420,-0.4394531250000001,2-oxoglutarate-dependent dioxygenase  IPR005123  Oxoglutarate and iron-dependent oxygenase,-2.199240601930319,True,-2.1982996991479977,1.44474983437103e-17,2.992934198281e-15,,,,,,True,False
Solyc05g005960,-0.5015811011904763,"Peptide transporter 1  IPR000109  TGF-beta receptor, type I_II extracellular region",-1.7026131564302769,True,-1.7087735835945608,4.87935444751949e-11,3.57229837969961e-10,,,,,,True,False
Solyc01g100930,-0.4387207031249999,"GDSL esterase_lipase At1g09390  IPR001087  Lipase, GDSL",-1.1620953600481483,True,-1.1627343424428767,6.99564968786465e-13,1.02433829366954e-11,,,,,,True,False
Solyc06g050840,-0.4380696614583333,,,,,,,,,,,,,
Solyc09g092130,-0.5697660900297621,"Sucrose phosphate synthase  IPR012819  Sucrose phosphate synthase, plant",-1.199637995482774,True,-1.2001068545614468,1.08541790783622e-11,9.96610988104168e-11,8.0,0.9054097484097389,0.9054097484097389,3.40854668736579e-07,Solyc09g092130.2.1_S127;S131;Solyc09g092130.2.1_S131;Solyc09g092130.2.1_S131;S147;Solyc09g092130.2.1_S147;Solyc09g092130.2.1_S699,True,True
Solyc05g006740,-0.4374534970238095,"Glutathione S-transferase  IPR004046  Glutathione S-transferase, C-terminal",0.2792839723233409,True,,,,,,,,,False,False
Solyc04g071800,-0.5704868861607142,,,,,,,,,,,,,
Solyc09g083390,0.5057082403273812,,,,,,,,,,,,,
Solyc02g090960,-0.5336565290178571,,,,,,,,,,,,,
Solyc01g008680,0.4362676711309524,,,,,,,,,,,,,
Solyc12g099430,-0.4562639508928572,Epoxide hydrolase 1  IPR000639  Epoxide hydrolase-like,-0.5372053886854765,True,,,,1.0,0.6562840169232949,0.6562840169232949,0.000112748471969375,Solyc12g099430.1.1_S135,False,True
Solyc11g008630,-0.5546758742559526,Hydroxycinnamoyl CoA shikimate_quinate hydroxycinnamoyltransferase-like protein (Fragment)  IPR003480  Transferase,-2.5465549636502733,True,-2.5468297586949187,2.49852576854142e-18,1.1103448515398e-15,,,,,,True,False
Solyc12g015850,-0.4688778831845238,,,,,,,,,,,,,
Solyc08g061560,-0.577090308779762,,,,,,,,,,,,,
Solyc07g049290,-0.434384300595238,"Nitrate transporter  IPR000109  TGF-beta receptor, type I_II extracellular region",-2.563420064366615,True,-2.561446768500536,1.40217467139612e-15,7.46171558490512e-14,1.0,0.9768316899193334,-0.9768316899193334,5.97855293782939e-08,Solyc07g049290.2.1_S564,True,True
Solyc07g005390,-0.5202752976190477,Aldehyde dehydrogenase  IPR015590  Aldehyde dehydrogenase,-0.7472506633792648,True,-0.747475423250852,1.75199360031053e-10,1.09045652097759e-09,,,,,,True,False
Solyc02g078620,-0.4331868489583335,,,,,,,,,,,,,
Solyc02g055440,-0.5231468563988095,,,,,,,,,,,,,
Solyc02g090930,-0.4324311755952381,,,,,,,,,,,,,
Solyc02g087840,-0.5917271205357142,,,,,,,,,,,,,
Solyc03g093360,-0.4320242745535715,"Wound_stress protein  IPR001024  Lipoxygenase, LH2",-0.7201851549010091,True,-0.7221855940394987,8.28502729016729e-09,3.25973096746378e-08,,,,,,True,False
Solyc11g018500,-0.5460263206845238,"Beta-galactosidase  IPR001944  Glycoside hydrolase, family 35",-0.4658558844285058,True,,,,,,,,,False,False
Solyc08g013670,-0.4298037574404761,Photosystem I reaction center subunit  IPR008796  Photosystem I reaction centre subunit N,-2.079830895788416,True,-2.0779960229396077,5.24152176731986e-13,8.03218025309292e-12,,,,,,True,False
Solyc11g010200,-0.4297572544642857,14-3-3 protein beta_alpha-1  IPR000308  14-3-3 protein,-0.5412353347176384,True,,,,,,,,,False,False
Solyc10g079410,-0.4292689732142857,,,,,,,,,,,,,
Solyc07g066150,-0.4292573474702381,"Photosystem I reaction center subunit V  IPR017494  Photosystem I reaction center, PsaG, plant",-3.5097734128525837,True,-3.5106802896915217,6.44015115572293e-13,9.56770084879557e-12,,,,,,True,False
Solyc06g084050,-0.4283621651785714,,,,,,,,,,,,,
Solyc12g011410,-0.4282226562499999,,,,,,,,,,,,,
Solyc06g082460,-0.4273158482142856,,,,,,,,,,,,,
Solyc06g065670,-0.494349888392857,,,,,,,,,,,,,
Solyc08g081940,-0.5038713727678571,,,,,,,,,,,,,
Solyc08g078870,0.4613676525297618,,,,,,,,,,,,,
Solyc07g051820,-0.4252929687499999,Cellulose synthase  IPR005150  Cellulose synthase,-1.836908636397971,True,-1.8377438163204127,1.53059410123142e-14,4.72358346241143e-13,,,,,,True,False
Solyc01g105050,-0.4246535528273811,"Chlorophyll a-b binding protein, chloroplastic  IPR001344  Chlorophyll A-B binding protein",-3.7628238165376224,True,-3.7603235187508104,4.16797908412101e-13,6.56826207440914e-12,,,,,,True,False
Solyc05g005920,-0.4241768973214285,,,,,,,,,,,,,
Solyc01g066740,-0.4236886160714286,,,,,,,,,,,,,
Solyc10g050110,-0.4230608258928571,"LRR receptor-like serine_threonine-protein kinase, RLP",-0.2504452782681447,True,,,,,,,,,False,False
Solyc05g051010,-0.4959658668154761,Dihydroflavonol 4-reductase family-binding domain,-0.7867753590600468,True,-0.7878692267586204,1.09496392124169e-09,5.51702909977109e-09,,,,,,True,False
Solyc10g044510,-0.4226306733630953,,,,,,,,,,,,,
Solyc07g007350,-0.4365931919642857,,,,,,,,,,,,,
Solyc02g087870,-0.4198172433035713,,,,,,,,,,,,,
Solyc10g005210,-0.699311755952381,,,,,,,,,,,,,
Solyc02g069670,-0.419096447172619,"Alpha-glucosidase 1  IPR000322  Glycoside hydrolase, family 31",-0.7735478693533463,True,-0.7739987792852195,4.8542282240838e-09,2.02270888212174e-08,,,,,,True,False
Solyc09g092430,-0.418701171875,Selenium binding protein  IPR008826  Selenium-binding protein,-1.5763868782653432,True,-1.5766388700897882,6.56134160531787e-16,4.08915697571563e-14,,,,,,True,False
Solyc03g033730,-0.4183175223214286,,,,,,,,,,,,,
Solyc12g088700,-0.4182942708333333,,,,,,,,,,,,,
Solyc03g122130,0.4178931826636906,"L-lactate dehydrogenase  IPR012133  Alpha-hydroxy acid dehydrogenase, FMN-dependent",1.1864765317473756,True,1.1836699268431476,5.78838323652216e-11,4.15566641407181e-10,,,,,,True,False
Solyc04g072850,-0.5227167038690477,"Alpha-L-arabinofuranosidase_beta-D-xylosidase  IPR001764  Glycoside hydrolase, family 3, N-terminal",-0.531420788600014,True,,,,,,,,,False,False
Solyc05g056170,-0.4347679501488095,,,,,,,,,,,,,
Solyc04g070970,-0.6566685267857144,,,,,,,,,,,,,
Solyc07g062670,0.5576753162202381,,,,,,,,,,,,,
Solyc07g017950,-0.4732491629464286,"Ribulose bisphosphate carboxylase small chain  IPR000894  Ribulose bisphosphate carboxylase, small chain",-0.8502241758768042,True,-0.8498046295103647,8.49679461829456e-11,5.82262995893616e-10,,,,,,True,False
Solyc06g050870,0.7149948846726191,,,,,,,,,,,,,
Solyc03g082560,-0.4128766741071427,,,,,,,,,,,,,
Solyc11g040150,-0.4128534226190476,,,,,,,,,,,,,
Solyc01g109180,-0.4111095610119048,Long-chain-fatty-acid-CoA ligase  IPR000873  AMP-dependent synthetase and ligase,-1.7567143069744473,True,-1.7565794506389918,4.28476347236573e-15,1.78793322734209e-13,,,,,,True,False
Solyc02g065780,-0.4109119233630952,Unknown Protein,-0.4957108044426933,True,,,,,,,,,False,False
Solyc02g078570,-0.4928966703869048,Epoxide hydrolase 3  IPR000639  Epoxide hydrolase-like,-1.4022545904407198,True,-1.4019242929693465,3.18752789601176e-14,8.11769281941333e-13,,,,,,True,False
Solyc06g083580,-0.4104817708333332,Pectate lyase 1-27  IPR002022  Pectate lyase_Amb allergen,-0.7531333921626154,True,-0.7529421024451488,6.03381245143395e-09,2.44990977927569e-08,,,,,,True,False
Solyc10g054670,0.4100399925595238,,,,,,,,,,,,,
Solyc12g040640,-0.8142206101190474,"Beta-glucosidase  IPR001360  Glycoside hydrolase, family 1",-0.6362989011859884,True,-0.638348498424861,1.37495997907409e-08,5.09193512250438e-08,,,,,,True,False
Solyc03g120890,-0.4080984933035714,,,,,,,,,,,,,
Solyc11g007540,-0.40771484375,Cytochrome P450,-3.032184070708324,True,-3.0328365646826083,5.39282953275859e-16,3.60386984113973e-14,,,,,,True,False
Solyc12g055840,-0.4056803385416667,"Glucan endo-1 3-beta-glucosidase 7  IPR000490  Glycoside hydrolase, family 17",-2.321379489873669,True,-2.3216400855844492,2.59788567546541e-16,2.07659838227274e-14,,,,,,True,False
Solyc10g054840,-0.5256696428571429,,,,,,,,,,,,,
Solyc05g055400,-0.496640159970238,Cytochrome P450,-2.990205460628894,True,-2.9882648414044777,6.79903791195904e-16,4.16757579044772e-14,,,,,,True,False
Solyc11g044910,0.4937686011904761,"Beta-xylosidase 1  IPR001764  Glycoside hydrolase, family 3, N-terminal",1.625883517428154,True,1.6261965476754172,4.12963565767668e-14,1.00284704167842e-12,,,,,,True,False
Solyc07g054800,0.8856026785714286,,,,,,,,,,,,,
Solyc05g054330,-0.4040411086309525,Epoxide hydrolase  IPR000639  Epoxide hydrolase-like,-1.2328130110744993,True,-1.23240150678035,3.30422429340131e-12,3.69408119745294e-11,,,,,,True,False
Solyc02g067320,-0.4037969680059524,,,,,,,,,,,,,
Solyc01g099630,-0.4528459821428573,"Xyloglucan endotransglucosylase_hydrolase 5  IPR016455  Xyloglucan endotransglucosylase_hydrolase  IPR008263  Glycoside hydrolase, family 16, active site",-0.915774545135297,True,-0.915361710786089,6.34746017659246e-10,3.41089637542647e-09,,,,,,True,False
Solyc08g075490,-0.6520879836309526,,,,,,,,,,,,,
Solyc03g121720,-0.4033551897321428,2-hydroxy-3-oxopropionate reductase  IPR015815  3-hydroxyacid dehydrogenase_reductase,-0.8280987776570703,True,-0.8287423065047275,2.78757230520054e-11,2.20035014641406e-10,,,,,,True,False
Solyc03g112130,-0.4025646391369048,,,,,,,,,,,,,
Solyc08g076520,-0.4046921502976189,,,,,,,,,,,,,
Solyc01g108880,0.4735630580357143,1-aminocyclopropane-1-carboxylate oxidase  IPR005123  Oxoglutarate and iron-dependent oxygenase,1.9369859794187012,True,1.9365997664515704,1.47517710282586e-14,4.60048213681273e-13,,,,,,True,False
Solyc02g077790,0.5277506510416666,,,,,,,,,,,,,
Solyc05g054090,-0.4586123511904759,Unknown Protein,-2.1173273191230058,True,-2.1196151687008813,1.75544950091846e-12,2.18521500898645e-11,,,,,,True,False
Solyc08g066430,0.4588681175595239,Lachrymatory factor synthase  IPR019587  Polyketide cyclase_dehydrase,1.175469275903719,True,1.1740041769704215,2.60564097661665e-12,3.02335992169305e-11,,,,,,True,False
Solyc01g099660,0.5013718377976191,Heat shock protein  IPR013126  Heat shock protein 70,2.2704543208365457,True,2.2703459622906004,6.41120302892552e-16,4.07019803722072e-14,,,,,,True,False
Solyc07g041640,-0.5654761904761906,,,,,,,,,,,,,
Solyc06g009190,-0.4758765811011905,"Pectinesterase  IPR000070  Pectinesterase, catalytic",-0.19910142550669316,True,,,,,,,,,False,False
Solyc02g077330,-0.450590587797619,,,,,,,,,,,,,
Solyc07g063350,-0.5208449590773809,COP1-Interacting ProteinI 7 (CIP7) (Fragment),-2.954166821514898,True,-2.954746420406669,9.79414956523209e-20,2.82958665073151e-16,8.0,2.099522023568717,-2.099522023568717,1.59942433690156e-09,Solyc07g063350.2.1_S661;S666;Solyc07g063350.2.1_S752;Solyc07g063350.2.1_S796;Solyc07g063350.2.1_S807;Solyc07g063350.2.1_S885;Solyc07g063350.2.1_S895;Solyc07g063350.2.1_S895;S898,True,True
Solyc07g061970,-0.4752720424107143,,,,,,,,,,,,,
Solyc12g088350,0.4234444754464286,,,,,,,,,,,,,
Solyc06g084030,-0.5620233444940477,,,,,,,,,,,,,
Solyc06g074260,-0.4311755952380952,Genomic DNA chromosome 5 P1 clone MWD9  IPR007608  Protein of unknown function DUF584,-3.8613704376295876,True,-3.856044920744548,1.86759769812585e-16,1.59607772509063e-14,6.0,4.233460375104045,4.233460375104045,1.09283047729577e-12,Solyc06g074260.2.1_S139;S148;Solyc06g074260.2.1_S188;Solyc06g074260.2.1_T182;S188,True,True
Solyc02g092120,0.4562523251488096,,,,,,,,,,,,,
Solyc02g092110,0.4161551339285715,,,,,,,,,,,,,
Solyc06g035580,-0.573428199404762,Choline dehydrogenase  IPR012132  Glucose-methanol-choline oxidoreductase,-2.2259577969830544,True,-2.2241838771936386,3.76729990409893e-15,1.63335422183567e-13,,,,,,True,False
Solyc05g011960,0.5136486235119048,,,,,,,,,,,,,
Solyc03g118060,0.4217471168154762,Unknown Protein,1.1291774137884327,True,1.1292366809635468,6.0863039578533e-11,4.33107042253004e-10,,,,,,True,False
Solyc05g011970,0.4735863095238096,,,,,,,,,,,,,
Solyc06g051800,0.5537225632440477,"Expansin  IPR007112  Expansin 45, endoglucanase-like  IPR007117  Pollen allergen_expansin, C-terminal",2.4344987563796154,True,2.4328424676950244,6.85356954970551e-16,4.1722278190262e-14,,,,,,True,False
Solyc06g074000,-0.6530412946428571,Aspartic proteinase nepenthesin-2  IPR001461  Peptidase A1,-0.2369256169091315,True,,,,,,,,,False,False
Solyc09g075140,-0.4647739955357142,,,,,,,,,,,,,
Solyc03g118100,0.5835077194940477,,,,,,,,,,,,,
Solyc06g072700,-0.4180152529761904,,,,,,,,,,,,,
Solyc08g006310,-0.4141206287202382,,,,,,,,,,,,,
Solyc06g064900,0.4585309709821429,,,,,,,,,,,,,
Solyc09g065670,-0.4256184895833335,,,,,,,,,,,,,
Solyc05g015360,0.4064418247767857,,,,,,,,,,,,,
Solyc06g072650,0.5408296130952381,,,,,,,,,,,,,
Solyc02g021680,0.4929315476190475,WRKY transcription factor 37  IPR003657  DNA-binding WRKY,0.9420321040521437,True,0.954057900431902,1.35712688316186e-05,2.70027842792537e-05,1.0,1.0196380443463413,-1.0196380443463413,4.64181770218847e-05,Solyc02g021680.2.1_S139,True,True
Solyc10g018780,-0.4772251674107143,,,,,,,,,,,,,
Solyc10g011950,-0.6425548735119048,,,,,,,,,,,,,
Solyc09g007940,-0.4393136160714285,Adenosine kinase  IPR001805  Adenosine kinase,-1.1176725726522967,True,-1.1169426255776937,8.65039574447815e-13,1.2184582785566e-11,,,,,,True,False
Solyc02g078040,-0.4080636160714285,Pistil extensin like protein (Fragment)  IPR006041  Pollen Ole e 1 allergen and extensin,-1.4065385015928242,True,-1.407280776276796,1.20366942518962e-11,1.0894311457317e-10,,,,,,True,False
Solyc11g011210,0.4472423735119048,Gibberellin regulated protein  IPR003854  Gibberellin regulated protein,3.432247173589163,True,3.431010262047961,1.52841443500528e-15,7.89799273158545e-14,,,,,,True,False
Solyc06g053950,0.4723772321428572,Heat stress transcription factor A-2c,0.8216276955250653,True,0.8216664182249038,8.40191479868763e-12,8.0731047276471e-11,,,,,,True,False
Solyc01g096740,0.4270135788690477,,,,,,,,,,,,,
Solyc04g076220,0.5775320870535714,AT-hook motif nuclear localized protein 17  IPR014476  Predicted AT-hook DNA-binding,1.4255091539033755,True,1.4192310020727297,1.19736908955659e-11,1.08594045591622e-10,2.0,1.4431852331380095,1.4431852331380095,9.24279695993616e-10,Solyc04g076220.2.1_S69;Solyc04g076220.2.1_S74,True,True
Solyc10g085830,0.4408017113095237,"O-methyltransferase 1  IPR016461  O-methyltransferase, COMT, eukaryota",2.1540503740380776,True,2.1545691570333445,1.85520329447116e-17,3.36511160842034e-15,1.0,0.7517024843412247,-0.7517024843412247,3.16948431084855e-05,Solyc10g085830.1.1_S55,True,True
Solyc08g069010,-0.6010393415178571,,,,,,,,,,,,,
Solyc11g012860,-0.4114699590773809,,,,,,,,,,,,,
Solyc10g081010,-0.4390752883184524,,,,,,,,,,,,,
Solyc02g070890,0.5818684895833335,"Receptor like kinase, RLK",0.6015892301306153,True,0.6017780495386665,2.78146360221014e-09,1.23855954391e-08,,,,,,True,False
Solyc12g014570,-0.6231282552083335,"Glycerophosphoryl diester phosphodiesterase family protein  IPR017946  PLC-like phosphodiesterase, TIM beta_alpha-barrel domain",-0.4433594288151854,True,,,,,,,,,False,False
Solyc08g014130,0.478701636904762,2-isopropylmalate synthase 1  IPR005671  Bacterial 2-isopropylmalate synthase,2.7319877840289917,True,2.7299038135440234,2.75217435894439e-16,2.14573032476296e-14,3.0,1.6162312407009247,-1.6162312407009247,4.04538155011652e-09,Solyc08g014130.2.1_S403;Solyc08g014130.2.1_S572;Solyc08g014130.2.1_S86,True,True
Solyc01g109790,-0.5250186011904763,"Glucose-1-phosphate adenylyltransferase  IPR011831  Glucose-1-phosphate adenylyltransferase  IPR005836  ADP-glucose pyrophosphorylase, conserved site",-2.2757261117893015,True,-2.2756257786246934,4.33941578532819e-18,1.53325969850328e-15,,,,,,True,False
Solyc01g108400,0.5456659226190477,,,,,,,,,,,,,
Solyc06g061170,0.4193754650297618,Solute carrier family 25 (Mitochondrial carrier ornithine transporter) member 15  IPR002067  Mitochondrial carrier protein,1.7889485717272033,True,1.7893096181481611,1.2156803419456e-16,1.25639149758285e-14,,,,,,True,False
Solyc09g015000,0.4029366629464286,class I heat shock protein  IPR002068  Heat shock protein Hsp20,4.214269987612362,True,4.22221773125038,2.1052175651424e-17,3.59830263826647e-15,,,,,,True,False
Solyc04g082120,0.4406273251488096,,,,,,,,,,,,,
Solyc08g007890,0.5513160342261907,,,,,,,,,,,,,
Solyc06g068900,0.5066615513392856,,,,,,,,,,,,,
Solyc11g006020,-0.5436314174107144,NAD(P)H-quinone oxidoreductase subunit O,-0.6626840171804929,True,-0.6606494665536191,9.55890965634127e-06,1.95804537970871e-05,,,,,,True,False
Solyc02g070020,0.5411667596726191,UDP-glucosyltransferase  IPR002213  UDP-glucuronosyl_UDP-glucosyltransferase,2.8322775063905894,True,2.832418848714766,1.33551933179866e-19,2.82958665073151e-16,1.0,1.509954923433817,-1.509954923433817,1.78830842959029e-09,Solyc02g070020.1.1_S446,True,True
Solyc06g051150,0.5607910156250001,,,,,,,,,,,,,
Solyc03g120290,-0.4852353050595238,,,,,,,,,,,,,
Solyc12g011450,-0.4740164620535715,"Chlorophyll a-b binding protein 13, chloroplastic  IPR001344  Chlorophyll A-B binding protein",-3.1931799803926606,True,-3.190237062385258,5.39426762315079e-14,1.22306761822868e-12,,,,,,True,False
Solyc01g109500,-0.4112723214285714,,,,,,,,,,,,,
Solyc04g071590,0.5196242559523809,,,,,,,,,,,,,
Solyc03g026210,-0.4304082961309524,"Dihydrodipicolinate reductase family protein  IPR011770  Dihydrodipicolinate reductase, bacterial and plant",-0.5590080824230421,True,,,,,,,,,False,False
Solyc03g117630,0.431489490327381,heat shock protein  IPR013126  Heat shock protein 70,2.8462739735712863,True,2.845707084928814,3.20561954538043e-17,4.82907568124429e-15,,,,,,True,False
Solyc04g012060,-0.4752952938988095,"Ribonucleoside-diphosphate reductase  IPR013346  Ribonucleoside-diphosphate reductase, alpha subunit",-0.07497579754861958,True,,,,,,,,,False,False
Solyc02g014430,0.4222877139136905,,,,,,,,,,,,,
Solyc02g088500,-0.406005859375,C-glucosyltransferase  IPR002213  UDP-glucuronosyl_UDP-glucosyltransferase,-1.4219587046534972,True,-1.4222477252809105,2.92094866754991e-14,7.59105022139873e-13,,,,,,True,False
Solyc07g056540,-0.5067313058035715,"L-lactate dehydrogenase  IPR012133  Alpha-hydroxy acid dehydrogenase, FMN-dependent",-2.2423109340457037,True,-2.242089197378541,1.28495558833629e-11,1.14665514750331e-10,,,,,,True,False
Solyc05g041430,-0.4406854538690476,,,,,,,,,,,,,
Solyc07g008430,-0.5496070498511905,,,,,,,,,,,,,
Solyc03g123830,-0.452450706845238,Phosphoglycerate dehydrogenase  IPR015508  D-3-phosphogylcerate Dehydrogenase,-2.5473608747848187,True,-2.5474318172102284,1.24121901802422e-18,8.48611894784564e-16,,,,,,True,False
Solyc11g008720,0.4217006138392857,"Beta-glucosidase G4  IPR001360  Glycoside hydrolase, family 1",2.745736063935063,True,2.7470204341454396,4.64754308036962e-17,5.98657433309061e-15,2.0,1.8002087371445255,-1.8002087371445255,5.10458874971274e-11,Solyc11g008720.1.1_S342;Solyc11g008720.1.1_S99,True,True
Solyc02g070800,-0.4417782738095237,,,,,,,,,,,,,
Solyc05g007770,0.4496023995535715,,,,,,,,,,,,,
Solyc09g005560,0.5317499069940477,,,,,,,,,,,,,
Solyc11g071980,-0.4297688802083333,,,,,,,,,,,,,
Solyc06g006090,-0.5230654761904763,,,,,,,,,,,,,
Solyc06g005300,0.414155505952381,,,,,,,,,,,,,
Solyc02g084600,-0.4756440662202381,"LRR receptor-like serine_threonine-protein kinase, RLP",0.5001739376851743,True,,,,,,,,,False,False
Solyc08g005610,0.4896647135416666,,,,,,,,,,,,,
Solyc03g114360,0.4378255208333335,,,,,,,,,,,,,
Solyc08g082250,-0.4323381696428571,,,,,,,,,,,,,
Solyc04g081300,-0.4848865327380952,"Endoglucanase 1  IPR001701  Glycoside hydrolase, family 9",-2.256054816886909,True,-2.2564537905627025,3.00478863111449e-18,1.21393460697025e-15,,,,,,True,False
Solyc12g098340,-0.7895856584821428,,,,,,,,,,,,,
Solyc12g006520,-0.5703590029761905,Cycloartenol synthase  IPR018333  Squalene cyclase,-1.5203587697917296,True,-1.5287579583385167,1.10909883037385e-10,7.2804935522507e-10,,,,,,True,False
Solyc12g009800,-0.5350399925595238,,,,,,,,,,,,,
Solyc12g006530,-0.4797595796130952,,,,,,,,,,,,,
Solyc12g049520,-0.4551478794642858,,,,,,,,,,,,,
Solyc11g056680,-0.5428059895833333,"LRR receptor-like serine_threonine-protein kinase, RLP",-0.15132317442617488,True,,,,,,,,,False,False
Solyc10g080210,0.8924153645833334,"Polygalacturonase A  IPR000743  Glycoside hydrolase, family 28",5.025675950764874,True,5.026055202759271,1.6956308640271e-18,9.41922944967056e-16,2.0,2.258555209495343,-2.258555209495343,1.61170167422687e-10,Solyc10g080210.1.1_S80;Solyc10g080210.1.1_T125,True,True
Solyc03g078150,-0.4049479166666667,,,,,,,,,,,,,
Solyc02g085380,-0.5693359375,,,,,,,,,,,,,
Solyc02g085950,-0.6267903645833333,"Ribulose bisphosphate carboxylase small chain  IPR000894  Ribulose bisphosphate carboxylase, small chain",-0.6043080776849912,True,-0.6058338412745138,0.00018940295406315,0.000317086731157144,,,,,,True,False
Solyc03g115000,-0.4250837053571428,,,,,,,,,,,,,
Solyc05g007120,-0.4149576822916666,,,,,,,,,,,,,
Solyc07g043500,-0.4798177083333333,UDP-glucosyltransferase  IPR002213  UDP-glucuronosyl_UDP-glucosyltransferase,-1.7730659646262212,True,-1.7759274986131288,5.69200840257279e-12,5.7883948148818e-11,,,,,,True,False
Solyc07g017600,-0.41455078125,"Pectinesterase  IPR000070  Pectinesterase, catalytic",-0.8355431623238836,True,-0.833466149663896,2.81250377642827e-10,1.65546579899963e-09,,,,,,True,False
Solyc11g042940,-0.4112025669642857,"Carbohydrate kinase FGGY  IPR000577  Carbohydrate kinase, FGGY",-0.5616091103836658,True,,,,,,,,,False,False
Solyc09g089750,0.4216889880952381,,,,,,,,,,,,,
Solyc06g048440,-0.7476981026785714,,,,,,,,,,,,,
Solyc01g086920,-0.5659877232142858,,,,,,,,,,,,,
Solyc12g013700,0.4827125186011905,Aluminum-induced protein-like protein,2.245459025064198,True,2.2456197281999155,5.3221298228386e-18,1.68939606662105e-15,3.0,2.1859360676911996,2.1859360676911996,1.90685285324414e-10,Solyc12g013700.1.1_S218;Solyc12g013700.1.1_S233;S237,True,True
Solyc07g062550,-0.4413713727678571,UDP-N-acetylglucosamine 1-carboxyvinyltransferase  IPR005750  UDP-N-acetylglucosamine 1-carboxyvinyltransferase,-1.2998944343394034,True,-1.3007994085043357,2.90993380819042e-14,7.58460166779956e-13,,,,,,True,False
Solyc12g011310,0.7006603422619049,"Glutathione S-transferase  IPR004046  Glutathione S-transferase, C-terminal",3.4133196646407,True,3.4129937969982524,1.682340956032e-17,3.22506605236876e-15,,,,,,True,False
Solyc07g043460,-0.4239095052083333,,,,,,,,,,,,,
Solyc08g063090,-0.5506068638392857,,,,,,,,,,,,,
Solyc10g078740,-0.4612978980654762,Enoyl reductase,-0.6482425462984609,True,-0.6487188700609229,6.54454447634996e-11,4.61650089728559e-10,1.0,1.159834082250723,1.159834082250723,1.53548638411801e-08,Solyc10g078740.1.1_S218,True,True
Solyc11g072310,0.5053129650297619,,,,,,,,,,,,,
Solyc12g100270,0.4584960937500001,,,,,,,,,,,,,
Solyc04g064870,0.4672386532738096,,,,,,,,,,,,,
Solyc02g083380,0.4128882998511906,,,,,,,,,,,,,
Solyc02g083670,-0.5515718005952382,,,,,,,,,,,,,
Solyc11g065350,-0.4015997023809525,ABC transporter G family member 15  IPR003439  ABC transporter-like,-1.5974329602911725,True,-1.6105329520551956,1.74732532001553e-07,5.01622333472161e-07,,,,,,True,False
Solyc03g098740,0.5283551897321428,Kunitz trypsin inhibitor  IPR011065  Kunitz inhibitor ST1-like,1.9738549650415298,True,1.9752296968609722,1.52893522908665e-12,1.95809457004642e-11,,,,,,True,False
Solyc03g063730,0.4466029575892856,,,,,,,,,,,,,
Solyc12g041950,-0.4320010230654761,,,,,,,,,,,,,
Solyc05g050290,0.4821893601190475,,,,,,,,,,,,,
Solyc04g053010,-0.4585425967261905,,,,,,,,,,,,,
Solyc07g008210,-0.5699753534226191,,,,,,,,,,,,,
Solyc03g116370,-0.4634486607142856,,,,,,,,,,,,,
Solyc02g023950,-0.4840959821428572,,,,,,,,,,,,,
Solyc11g064910,0.4247058686755953,,,,,,,,,,,,,
Solyc01g090730,-0.4216192336309524,,,,,,,,,,,,,
Solyc12g042010,-0.4081682477678572,,,,,,,,,,,,,
Solyc06g054320,-0.4802362351190476,Disease resistance response  IPR004265  Plant disease resistance response protein,-0.8048197952739921,True,-0.8060877570813132,5.75301245419398e-08,1.8314031050457e-07,,,,,,True,False
Solyc07g056700,0.40576171875,,,,,,,,,,,,,
Solyc07g063600,-0.4616582961309524,"Chlorophyll a-b binding protein 13, chloroplastic  IPR001344  Chlorophyll A-B binding protein",-2.3171605617070132,True,-2.316145329451443,5.02978782287159e-13,7.73438653454718e-12,,,,,,True,False
Solyc12g055810,-0.434907459077381,,,,,,,,,,,,,
Solyc04g009530,-0.4075753348214286,"Glutathione S-transferase  IPR004045  Glutathione S-transferase, N-terminal",-0.6428180811166685,True,-0.6439438605895784,3.28993523247983e-09,1.43127480892221e-08,,,,,,True,False
Solyc11g066670,-0.4058430989583333,UDP-glucosyltransferase  IPR002213  UDP-glucuronosyl_UDP-glucosyltransferase,-1.2502681802971412,True,-1.2493531045218735,2.83630844041592e-14,7.4363154626598e-13,,,,,,True,False
Solyc03g117690,-0.4142833891369048,Aspartic proteinase nepenthesin-1  IPR001461  Peptidase A1,-0.6868633491310703,True,-0.6870927239595876,2.1686341481876e-07,6.08614471395372e-07,,,,,,True,False
Solyc05g014920,0.4830438523065475,,,,,,,,,,,,,
Solyc02g080160,-0.6037481398809524,,,,,,,,,,,,,
Solyc05g009650,0.4614315941220238,,,,,,,,,,,,,
Solyc02g070940,-0.5336216517857142,,,,,,,,,,,,,
Solyc02g092580,0.4799572172619048,"Peroxidase  IPR002016  Haem peroxidase, plant_fungal_bacterial",0.02955377312511544,True,,,,,,,,,False,False
Solyc11g072040,-0.4448474702380953,,,,,,,,,,,,,
Solyc12g017250,0.4254324776785714,,,,,,,,,,,,,
Solyc02g078950,-0.4782947358630952,"Beta-galactosidase  IPR001944  Glycoside hydrolase, family 35",-0.22060837873915135,True,,,,,,,,,False,False
Solyc10g086320,-0.4069591703869047,,,,,,,,,,,,,
Solyc04g080540,0.4178408668154761,ST225,1.2968308781098303,True,1.2901668307083405,2.55650711317148e-10,1.52191796529592e-09,1.0,1.4584718862832011,1.4584718862832011,1.81577194535423e-08,Solyc04g080540.2.1_S25,True,True
Solyc07g065290,0.4181780133928571,,,,,,,,,,,,,
Solyc02g083450,-0.4221772693452383,,,,,,,,,,,,,
Solyc07g007550,-0.4223749069940478,"Heparanase  IPR005199  Glycoside hydrolase family 79, N-terminal",-0.18151263319465935,True,,,,,,,,,False,False
Solyc10g006880,0.418398902529762,NAC domain protein protein,0.3090949435523044,True,,,,3.0,1.9707064672420682,1.9707064672420682,4.98688053224352e-09,Solyc10g006880.2.1_S275,False,True
Solyc07g049300,-0.5483049665178572,,,,,,,,,,,,,
Solyc07g056510,0.434023902529762,"Glutathione S-transferase  IPR004046  Glutathione S-transferase, C-terminal",2.493559055559787,True,2.49336803347936,8.13065911767469e-16,4.81768654919284e-14,1.0,2.975875907507425,-2.975875907507425,2.31133124824113e-11,,True,True
Solyc10g024430,0.5172991071428572,,,,,,,,,,,,,
Solyc02g072440,-0.4600016276041667,,,,,,,,,,,,,
Solyc11g010690,-0.4220842633928572,,,,,,,,,,,,,
Solyc01g079240,-0.58251953125,Long-chain-fatty-acid--CoA ligase family protein  IPR000873  AMP-dependent synthetase and ligase,-1.389484828191573,True,-1.394833719315778,1.32696833261364e-10,8.46061301310621e-10,,,,,,True,False
Solyc11g007250,-0.5276343936011907,,,,,,,,,,,,,
Solyc09g059170,-0.5386788504464285,Anthocyanidin 3-O-glucosyltransferase  IPR002213  UDP-glucuronosyl_UDP-glucosyltransferase,-0.13874156760231246,True,,,,,,,,,False,False
Solyc08g075080,-0.5056849888392858,,,,,,,,,,,,,
Solyc09g011590,0.5085914248511905,"Glutathione S-transferase-like protein  IPR004046  Glutathione S-transferase, C-terminal",0.32823017823865175,True,,,,,,,,,False,False
Solyc03g121600,-0.4621698288690476,,,,,,,,,,,,,
Solyc09g098340,0.4146902901785714,Aspartic proteinase-like protein 2  IPR001461  Peptidase A1,0.3502451971481546,True,,,,,,,,,False,False
Solyc09g074630,-0.5143345424107143,,,,,,,,,,,,,
Solyc12g006140,-0.4598679315476192,"Chlorophyll a-b binding protein 37, chloroplastic  IPR001344  Chlorophyll A-B binding protein",-2.384186939856764,True,-2.3798781993176887,3.0436202543715e-12,3.44169170748778e-11,,,,,,True,False
Solyc02g089140,0.7799944196428571,,,,,,,,,,,,,
Solyc12g044540,0.4031808035714286,,,,,,,,,,,,,
Solyc07g056670,0.4076915922619048,,,,,,,,,,,,,
Solyc07g063850,0.4414760044642857,,,,,,,,,,,,,
Solyc07g049370,-0.4176897321428571,,,,,,,,,,,,,
Solyc04g077620,0.6313709077380951,,,,,,,,,,,,,
Solyc03g122350,0.5268089657738096,Cytochrome P450,1.066970183370158,True,1.067260968320811,1.2227961726854e-11,1.10051736667496e-10,,,,,,True,False
Solyc10g083440,-0.4662504650297619,UDP flavonoid 3-O-glucosyltransferase (Fragment)  IPR002213  UDP-glucuronosyl_UDP-glucosyltransferase,-1.5042848241010307,True,-1.5046627371972534,7.1991101466864e-15,2.68847441108188e-13,,,,,,True,False
Solyc02g065530,-0.4160039992559524,,,,,,,,,,,,,
Solyc12g017530,0.4520786830357142,,,,,,,,,,,,,
Solyc03g116510,0.4512765066964285,Unknown Protein,0.37594118850861813,True,,,,,,,,,False,False
Solyc11g005990,0.4026343936011904,,,,,,,,,,,,,
Solyc12g049030,0.4318033854166667,,,,,,,,,,,,,
Solyc12g098790,0.4589320591517857,,,,,,,,,,,,,
Solyc03g005780,-0.4838285900297619,Chlorophyll a-b binding protein 3C-like  IPR001344  Chlorophyll A-B binding protein,-4.875467416635612,True,-4.864405447437519,1.85182511087875e-14,5.43202032524434e-13,2.0,3.6087642996233806,3.6087642996233806,3.39960548942273e-11,Solyc03g005780.1.1_S49,True,True
Solyc04g015390,-0.4921758742559524,,,,,,,,,,,,,
Solyc09g091670,0.6064569382440477,,,,,,,,,,,,,
Solyc01g108860,-0.4916643415178572,,,,,,,,,,,,,
Solyc10g080540,-0.4162713913690477,,,,,,,,,,,,,
Solyc09g092580,-0.5211937313988095,,,,,,,,,,,,,
Solyc08g077550,-0.421566917782738,,,,,,,,,,,,,
Solyc07g008620,0.4923386346726192,,,,,,,,,,,,,
Solyc12g096570,0.5442475818452381,,,,,,,,,,,,,
Solyc10g086710,0.497802734375,,,,,,,,,,,,,
Solyc10g076710,-0.4454171316964286,"1-phosphatidylinositol-4 5-bisphosphate phosphodiesterase  IPR001711  Phospholipase C, phosphatidylinositol-specific, Y domain  IPR018029  C2 membrane targeting protein  IPR000909  Phospholipase C, phosphatidylinositol-specific , X region",-2.540638308056986,True,-2.5375406776907963,1.26647104228108e-16,1.26832333580093e-14,2.0,0.9363458256502116,-0.9363458256502116,1.0581038948735e-06,Solyc10g076710.1.1_S290;Solyc10g076710.1.1_S293,True,True
Solyc03g045070,-0.4207124255952381,"Ammonium transporter  IPR018047  Ammonium transporter, conserved site  IPR001905  Ammonium transporter",-0.781820513152444,True,-0.7901781812605511,0.000139140569225591,0.000237549246883798,1.0,1.1109062868639614,1.1109062868639614,7.29276265870902e-07,Solyc03g045070.1.1_S432;S433,True,True
Solyc04g064940,-0.4763532366071429,,,,,,,,,,,,,
Solyc12g055970,-0.4757486979166667,,,,,,,,,,,,,
Solyc04g015640,-0.4276646205357144,,,,,,,,,,,,,
Solyc10g050980,0.7902599516369049,,,,,,,,,,,,,
Solyc09g011720,-0.4460914248511904,,,,,,,,,,,,,
Solyc11g020330,0.4442545572916668,class IV heat shock protein  IPR002068  Heat shock protein Hsp20,2.0136071174075534,True,2.0148370552312804,2.23634191974887e-14,6.28188214531614e-13,,,,,,True,False
Solyc03g118370,-0.4230724516369048,,,,,,,,,,,,,
Solyc09g011610,0.4930594308035715,,,,,,,,,,,,,
Solyc02g083700,-0.4260602678571427,"Alpha-mannosidase  IPR011682  Glycosyl hydrolases 38, C-terminal",0.24641163657335463,True,,,,,,,,,False,False
Solyc08g080490,-0.4811546688988095,,,,,,,,,,,,,
Solyc02g083840,0.6903948102678572,,,,,,,,,,,,,
Solyc01g068490,0.4456961495535715,,,,,,,,,,,,,
Solyc08g066360,-0.4181663876488095,"Malic enzyme  IPR012302  Malic enzyme, NAD-binding",-0.3907152043473633,True,,,,,,,,,False,False
Solyc09g025210,-0.6277204241071428,,,,,,,,,,,,,
Solyc12g100250,0.5559663318452382,,,,,,,,,,,,,
Solyc12g008480,0.46484375,,,,,,,,,,,,,
Solyc04g016200,-0.4273623511904763,,,,,,,,,,,,,
Solyc11g072080,-0.4712495349702381,,,,,,,,,,,,,
Solyc10g049230,0.5885184151785715,,,,,,,,,,,,,
Solyc10g005010,-0.4022158668154763,,,,,,,,,,,,,
Solyc06g075720,0.4203869047619047,,,,,,,,,,,,,
Solyc05g025690,0.5882917131696429,,,,,,,,,,,,,
Solyc11g008810,-0.4108770461309524,"Beta-hexosaminidase b  IPR001540  Glycoside hydrolase, family 20",-0.26487440918195254,True,,,,,,,,,False,False
Solyc10g006720,0.4055175781249999,,,,,,,,,,,,,
Solyc03g083440,0.540283203125,,,,,,,,,,,,,
Solyc10g009260,0.5907389322916666,,,,,,,,,,,,,
Solyc07g055690,0.7942243303571429,,,,,,,,,,,,,
Solyc02g071000,-0.5093470982142858,Chlorophyll a_b binding protein  IPR001344  Chlorophyll A-B binding protein,-3.0033807207516574,True,-3.00229169901682,1.1492194749927e-14,3.76539902900014e-13,,,,,,True,False
Solyc04g054740,-0.5145670572916667,,,,,,,,,,,,,
Solyc01g081290,-0.4340122767857143,,,,,,,,,,,,,
Solyc02g085910,0.4859793526785715,,,,,,,,,,,,,
Solyc07g054750,0.6946265811011906,,,,,,,,,,,,,
Solyc12g013680,0.5868443080357143,,,,,,,,,,,,,
Solyc03g031880,0.4601469494047618,,,,,,,,,,,,,
Solyc10g076240,0.4798525855654761,"Peroxidase 1  IPR002016  Haem peroxidase, plant_fungal_bacterial",0.8590085954245409,True,0.8582120803522357,3.49248507417737e-07,9.38651567562397e-07,,,,,,True,False
Solyc12g006660,-0.4128476097470239,,,,,,,,,,,,,
Solyc05g047530,0.4293387276785714,Cytochrome P450,0.3767523609284969,True,,,,1.0,0.8997912011835978,0.8997912011835978,9.67603280033911e-05,Solyc05g047530.2.1_T158,False,True
Solyc05g053640,-0.5072777157738095,,,,,,,,,,,,,
Solyc09g031740,0.4792015438988096,,,,,,,,,,,,,
Solyc10g078160,-0.4584205264136907,,,,,,,,,,,,,
Solyc03g112030,0.4331403459821429,Cytochrome P450,1.0992658452689859,True,1.0985144369095414,1.39167412079217e-09,6.78135942193027e-09,,,,,,True,False
Solyc03g031630,0.649053664434524,,,,,,,,,,,,,
Solyc04g016000,0.414399646577381,,,,,,,,,,,,,
Solyc06g069380,-0.4364536830357142,,,,,,,,,,,,,
Solyc08g066330,-0.4037737165178571,Cell division protein kinase 2  IPR002290  Serine_threonine protein kinase,-1.8597852164481805,True,-1.8643086494536256,2.29659206657328e-12,2.70717643072988e-11,1.0,1.3954160818121977,1.3954160818121977,7.03837390467841e-09,Solyc08g066330.1.1_T161,True,True
Solyc07g064720,0.4542759486607142,,,,,,,,,,,,,
Solyc01g095640,0.4359886532738096,,,,,,,,,,,,,
Solyc07g016170,-0.408144996279762,"Galactokinase like protein  IPR012369  Galactokinase, glycosyltransferase",-1.1696755954622673,True,-1.1697845017603603,4.24905389822927e-14,1.01794045950031e-12,,,,,,True,False
Solyc08g044260,-0.5851585751488095,,,,,,,,,,,,,
Solyc08g077210,0.4087495349702381,,,,,,,,,,,,,
Solyc02g064830,0.4680757068452381,,,,,,,,,,,,,
Solyc06g069730,-0.4872581845238095,"Chlorophyll a-b binding protein 4, chloroplastic  IPR001344  Chlorophyll A-B binding protein",-2.1629334511376044,True,-2.1611583833700854,9.29710516037156e-11,6.25058023187461e-10,,,,,,True,False
Solyc02g087470,0.4490443638392858,,,,,,,,,,,,,
Solyc04g071090,0.4323962983630952,,,,,,,,,,,,,
